lipids,converted_lipid_name
FA 16:0,FA 16:0
FA 16:0,FA 16:0
FA 18:2,FA 18:2
FA 18:2,FA 18:2
FA 18:2,FA 18:2
FA 18:1,FA 18:1
FA 18:1,FA 18:1
FA 18:0,FA 18:0
FA 18:0,FA 18:0
FA 18:1;O,FA 18:1(O)
FA 18:1(2OH),FA 18:1(2OH)
FA 18:0;O,FA 18:0(O)
FA 20:4,FA 20:4
FA 20:4,FA 20:4
FA 20:1,FA 20:1
FA 20:4;O,FA 20:4(O)
FA 20:4;O,FA 20:4(O)
FA 20:4;O,FA 20:4(O)
FA 20:4;O,FA 20:4(O)
FA 20:4;O,FA 20:4(O)
FA 20:4;O,FA 20:4(O)
FA 22:6,FA 22:6
FA 22:6,FA 22:6
FA 22:5,FA 22:5
FA 22:4,FA 22:4
FA 22:4,FA 22:4
FA 26:6,FA 26:6
FA 28:7,FA 28:7
FA 28:7,FA 28:7
FA 28:6,FA 28:6
FA 27:1;O,FA 27:1(O)
FA 28:1;O,FA 28:1(O)
LPE 16:0,LPE 16:0
LPE 16:0,LPE 16:0
LPE 16:0,LPE 16:0
LPE 16:0,LPE 16:0
LPE 16:0,LPE 16:0
FA 32:9,FA 32:9
LPE O-18:2,LPEO 18:2
LPE O-18:1,LPEO 18:1
ST 27:1;O;S,ST 27:1(O)(S)
LPE O-18:0,LPEO 18:0
LPE O-18:0,LPEO 18:0
FA 32:6,FA 32:6
LPE 18:2,LPE 18:2
LPE 18:2,LPE 18:2
LPE 18:2,LPE 18:2
LPE 18:2,LPE 18:2
LPE 18:2,LPE 18:2
LPE 18:2,LPE 18:2
FA 32:1,FA 32:1
LPE 18:1,LPE 18:1
LPE 18:1,LPE 18:1
LPE 18:1,LPE 18:1
LPE 18:1,LPE 18:1
LPE 18:1,LPE 18:1
ST 28:1;O;S,ST 28:1(O)(S)
LPE 18:0,LPE 18:0
LPE 18:1(d7),LPE 18:1(d7)
LPE 18:1(d7),LPE 18:1(d7)
LPE 18:1(d7),LPE 18:1(d7)
LPE 18:1(d7),LPE 18:1(d7)
LPE O-20:4,LPEO 20:4
LPE O-20:4,LPEO 20:4
LPE O-20:0,LPEO 20:0
FA 34:6,FA 34:6
BA 24:1;O3;T,BA 24:1(O3)(T)
LPE 20:4,LPE 20:4
LPE 20:4,LPE 20:4
LPE 20:4,LPE 20:4
LPE 20:4,LPE 20:4
LPG O-19:5,LPGO 19:5
FA 34:1,FA 34:1
FA 34:1,FA 34:1
LPE 20:1,LPE 20:1
LPE 20:1,LPE 20:1
BA 24:1;O4;T,BA 24:1(O4)(T)
FA 36:8,FA 36:8
LPE 22:6,LPE 22:6
LPE 22:6,LPE 22:6
LPE 22:6,LPE 22:6
LPE 22:6,LPE 22:6
LPE 22:6,LPE 22:6
LPE 22:6,LPE 22:6
SL 29:3;O|SL 15:2;O/14:1,SL 29:3(O)|SL 15:2(O/14:1)
FA 36:1,FA 36:1
FA 36:0,FA 36:0
LPS 20:4,LPS 20:4
BA 24:1;O5;G;S,BA 24:1(O5)(G;S)
LPS 20:4,LPS 20:4
FA 38:6,FA 38:6
FA 38:5,FA 38:5
LPS 22:6,LPS 22:6
LPS 22:6,LPS 22:6
LPS 22:6,LPS 22:6
LPA 28:2,LPA 28:2
LPA 28:2,LPA 28:2
FA 40:9,FA 40:9
FA 40:9,FA 40:9
SL 32:0;O|SL 17:0;O/15:0,SL 32:0(O)|SL 17:0(O/15:0)
SL 32:0;O|SL 17:0;O/15:0,SL 32:0(O)|SL 17:0(O/15:0)
SL 32:0;O|SL 17:0;O/15:0,SL 32:0(O)|SL 17:0(O/15:0)
FA 40:8,FA 40:8
FA 40:8,FA 40:8
FA 40:7,FA 40:7
FA 40:7,FA 40:7
FA 40:6,FA 40:6
FA 40:6,FA 40:6
FA 40:5,FA 40:5
FA 40:5,FA 40:5
SL 33:0;O|SL 17:0;O/16:0,SL 33:0(O)|SL 17:0(O/16:0)
CerP 33:6;O2,CerP 33:6(O2)
SL 33:1;O2|SL 17:0;O/16:1;O,SL 33:1(O2)|SL 17:0(O/16:1;O)
SL 33:0;O2|SL 17:0;O/16:0;O,SL 33:0(O2)|SL 17:0(O/16:0;O)
SL 33:0;O2|SL 17:0;O/16:0;O,SL 33:0(O2)|SL 17:0(O/16:0;O)
FA 42:5,FA 42:5
FA 42:5,FA 42:5
FA 42:5,FA 42:5
SL 34:0;O2|SL 17:0;O/17:0;O,SL 34:0(O2)|SL 17:0(O/17:0;O)
LPI 20:4,LPI 20:4
LPI 20:4,LPI 20:4
LPI 20:4,LPI 20:4
FA 44:10,FA 44:10
FA 44:10,FA 44:10
FA 44:5,FA 44:5
PE O-34:3|PE O-16:1_18:2,PEO 34:3(m)|PE O-16:1_18:2(m2)
PE O-34:3|PE O-16:1_18:2,PEO 34:3(m)|PE O-16:1_18:2(m2)
PE O-34:2|PE O-16:0_18:2,PEO 34:2(m)|PE O-16:0_18:2(m2)
PE O-34:2|PE O-16:1_18:1,PEO 34:2(m)|PE O-16:1_18:1(m2)
PE O-34:1|PE O-16:0_18:1,PEO 34:1(m)|PE O-16:0_18:1(m2)
PE O-34:0|PE O-18:0_16:0,PEO 34:0(m)|PE O-18:0_16:0(m2)
PE O-34:0|PE O-18:0_16:0,PEO 34:0(m)|PE O-18:0_16:0(m2)
PE 33:1(d7)|PE 15:0_18:1(d7),PE 33:1(d7)|PE 15:0_18:1(d7)
PE 34:2|PE 16:0_18:2,PE 34:2(m)|PE 16:0_18:2(m2)
LPE-N (FA)34:2|LPE-N (FA 16:0)18:2,LPEN (FA)34:2(m)|LPEN (FA 16:0)18:2(m2)
PE 34:1|PE 16:0_18:1,PE 34:1(m)|PE 16:0_18:1(m2)
PE O-36:5|PE O-16:1_20:4,PEO 36:5(m)|PE O-16:1_20:4(m2)
PE O-36:4|PE O-16:0_20:4,PEO 36:4(m)|PE O-16:0_20:4(m2)
PE O-36:4|PE O-16:0_20:4,PEO 36:4(m)|PE O-16:0_20:4(m2)
PE O-36:3|PE O-18:1_18:2,PEO 36:3(m)|PE O-18:1_18:2(m2)
PE O-36:2|PE O-18:1_18:1,PEO 36:2(m)|PE O-18:1_18:1(m2)
PE O-36:2|PE O-18:0_18:2,PEO 36:2(m)|PE O-18:0_18:2(m2)
PE O-36:1|PE O-18:0_18:1,PEO 36:1(m)|PE O-18:0_18:1(m2)
PE 36:4|PE 16:0_20:4,PE 36:4(m)|PE 16:0_20:4(m2)
PE 36:4|PE 18:2_18:2,PE 36:4(m)|PE 18:2_18:2(m2)
PE 36:4|PE 18:2_18:2,PE 36:4(m)|PE 18:2_18:2(m2)
CL 74:7|CL 17:0_17:0_18:2_22:5,CL 74:7(m)|CL 17:0_17:0_18:2_22:5(m2)
LPE-N (FA)36:4|LPE-N (FA 16:0)20:4,LPEN (FA)36:4(m)|LPEN (FA 16:0)20:4(m2)
PE 36:3|PE 18:1_18:2,PE 36:3(m)|PE 18:1_18:2(m2)
LPE-N (FA)36:3|LPE-N (FA 18:1)18:2,LPEN (FA)36:3(m)|LPEN (FA 18:1)18:2(m2)
PE O-37:3|PE O-19:0_18:3,PEO 37:3(m)|PE O-19:0_18:3(m2)
LPE-N (FA)36:2|LPE-N (FA 18:0)18:2,LPEN (FA)36:2(m)|LPEN (FA 18:0)18:2(m2)
PE 36:2|PE 18:0_18:2,PE 36:2(m)|PE 18:0_18:2(m2)
LPE-N (FA)36:2|LPE-N (FA 18:0)18:2,LPEN (FA)36:2(m)|LPEN (FA 18:0)18:2(m2)
CL 74:3|CL 16:0_16:0_24:0_18:3,CL 74:3(m)|CL 16:0_16:0_24:0_18:3(m2)
DGGA 32:0|DGGA 16:0_16:0,DGGA 32:0(m)|DGGA 16:0_16:0(m2)
LPE-N (FA)36:1|LPE-N (FA 18:0)18:1,LPEN (FA)36:1(m)|LPEN (FA 18:0)18:1(m2)
PE 36:1|PE 18:0_18:1,PE 36:1(m)|PE 18:0_18:1(m2)
LPE-N (FA)36:1|LPE-N (FA 18:0)18:1,LPEN (FA)36:1(m)|LPEN (FA 18:0)18:1(m2)
PG 34:2|PG 16:0_18:2,PG 34:2(m)|PG 16:0_18:2(m2)
CL 74:0|CL 16:0_16:0_16:0_26:0,CL 74:0(m)|CL 16:0_16:0_16:0_26:0(m2)
PE O-38:7|PE O-16:1_22:6,PEO 38:7(m)|PE O-16:1_22:6(m2)
PE O-38:6|PE O-18:1_20:5,PEO 38:6(m)|PE O-18:1_20:5(m2)
PE O-38:6|PE O-18:2_20:4,PEO 38:6(m)|PE O-18:2_20:4(m2)
PE O-38:6|PE O-16:0_22:6,PEO 38:6(m)|PE O-16:0_22:6(m2)
PE O-38:6|PE O-16:1_22:5,PEO 38:6(m)|PE O-16:1_22:5(m2)
PE O-38:5|PE O-16:0_22:5,PEO 38:5(m)|PE O-16:0_22:5(m2)
PE O-38:5|PE O-16:0_22:5,PEO 38:5(m)|PE O-16:0_22:5(m2)
PE O-38:5|PE O-16:1_22:4,PEO 38:5(m)|PE O-16:1_22:4(m2)
PE O-38:5|PE O-18:1_20:4,PEO 38:5(m)|PE O-18:1_20:4(m2)
PE O-38:5|PE O-18:0_20:5,PEO 38:5(m)|PE O-18:0_20:5(m2)
SHexCer 32:0;O2,SHexCer 32:0(O2)
PE O-38:4|PE O-18:0_20:4,PEO 38:4(m)|PE O-18:0_20:4(m2)
PE O-38:4|PE O-16:0_22:4,PEO 38:4(m)|PE O-16:0_22:4(m2)
PS 33:1(d7)|PS 15:0_18:1(d7),PS 33:1(d7)|PS 15:0_18:1(d7)
PE O-38:3|PE O-20:1_18:2,PEO 38:3(m)|PE O-20:1_18:2(m2)
PE O-38:3|PE O-18:0_20:3,PEO 38:3(m)|PE O-18:0_20:3(m2)
PE O-38:3|PE O-18:0_20:3,PEO 38:3(m)|PE O-18:0_20:3(m2)
PE O-38:2|PE O-20:1_18:1,PEO 38:2(m)|PE O-20:1_18:1(m2)
PE O-38:2|PE O-20:0_18:2,PEO 38:2(m)|PE O-20:0_18:2(m2)
PE O-38:1|PE O-20:0_18:1,PEO 38:1(m)|PE O-20:0_18:1(m2)
PE 38:6|PE 18:2_20:4,PE 38:6(m)|PE 18:2_20:4(m2)
PE 38:6|PE 16:0_22:6,PE 38:6(m)|PE 16:0_22:6(m2)
PE O-39:6|PE O-19:2_20:4,PEO 39:6(m)|PE O-19:2_20:4(m2)
PE 38:5|PE 18:1_20:4,PE 38:5(m)|PE 18:1_20:4(m2)
PE 38:5|PE 16:0_22:5,PE 38:5(m)|PE 16:0_22:5(m2)
LPE-N (FA)38:5|LPE-N (FA 18:1)20:4,LPEN (FA)38:5(m)|LPEN (FA 18:1)20:4(m2)
PE O-39:5|PE O-19:1_20:4,PEO 39:5(m)|PE O-19:1_20:4(m2)
LPE-N (FA)38:4|LPE-N (FA 18:0)20:4,LPEN (FA)38:4(m)|LPEN (FA 18:0)20:4(m2)
PE 38:4|PE 18:0_20:4,PE 38:4(m)|PE 18:0_20:4(m2)
LPE-N (FA)38:4|LPE-N (FA 18:0)20:4,LPEN (FA)38:4(m)|LPEN (FA 18:0)20:4(m2)
PE O-39:4|PE O-19:0_20:4,PEO 39:4(m)|PE O-19:0_20:4(m2)
PE 37:4;O|PE 20:3_17:1;O,PE 37:4(O)|PE 20:3_17:1(O)
CL 78:5|CL 24:0_18:1_18:2_18:2,CL 78:5(m)|CL 24:0_18:1_18:2_18:2(m2)
CL 78:5|CL 24:0_18:1_18:2_18:2,CL 78:5(m)|CL 24:0_18:1_18:2_18:2(m2)
PE 38:3|PE 18:0_20:3,PE 38:3(m)|PE 18:0_20:3(m2)
CL 78:4|CL 24:0_18:1_18:1_18:2,CL 78:4(m)|CL 24:0_18:1_18:1_18:2(m2)
CL 78:3|CL 18:0_24:0_18:1_18:2,CL 78:3(m)|CL 18:0_24:0_18:1_18:2(m2)
PE 38:2|PE 20:0_18:2,PE 38:2(m)|PE 20:0_18:2(m2)
CL 78:3|CL 18:0_24:0_18:1_18:2,CL 78:3(m)|CL 18:0_24:0_18:1_18:2(m2)
PE 38:2|PE 18:0_20:2,PE 38:2(m)|PE 18:0_20:2(m2)
PE 38:2|PE 18:0_20:2,PE 38:2(m)|PE 18:0_20:2(m2)
PG 36:3|PG 18:1_18:2,PG 36:3(m)|PG 18:1_18:2(m2)
CL 78:2|CL 18:0_18:0_24:0_18:2,CL 78:2(m)|CL 18:0_18:0_24:0_18:2(m2)
CL 78:2|CL 18:0_18:0_24:0_18:2,CL 78:2(m)|CL 18:0_18:0_24:0_18:2(m2)
CL 78:2|CL 18:0_18:0_24:0_18:2,CL 78:2(m)|CL 18:0_18:0_24:0_18:2(m2)
PE O-40:8|PE O-18:2_22:6,PEO 40:8(m)|PE O-18:2_22:6(m2)
PE 38:1|PE 18:0_20:1,PE 38:1(m)|PE 18:0_20:1(m2)
CL 78:1|CL 18:0_18:0_24:0_18:1,CL 78:1(m)|CL 18:0_18:0_24:0_18:1(m2)
PE 38:1|PE 18:0_20:1,PE 38:1(m)|PE 18:0_20:1(m2)
PE O-39:1|PE O-21:0_18:1,PEO 39:1(m)|PE O-21:0_18:1(m2)
PG 36:2|PG 18:0_18:2,PG 36:2(m)|PG 18:0_18:2(m2)
CL 78:0|CL 18:0_18:0_18:0_24:0,CL 78:0(m)|CL 18:0_18:0_18:0_24:0(m2)
PE 36:2;O2|PE 18:2_18:0;O2,PE 36:2(O2)|PE 18:2_18:0(O2)
PE O-40:7|PE O-18:1_22:6,PEO 40:7(m)|PE O-18:1_22:6(m2)
PE O-40:7|PE O-18:1_22:6,PEO 40:7(m)|PE O-18:1_22:6(m2)
PG 36:1|PG 18:0_18:1,PG 36:1(m)|PG 18:0_18:1(m2)
SHexCer 34:2;O2,SHexCer 34:2(O2)
SHexCer 34:2;O2,SHexCer 34:2(O2)
PE O-40:6|PE O-18:0_22:6,PEO 40:6(m)|PE O-18:0_22:6(m2)
PE O-40:6|PE O-18:1_22:5,PEO 40:6(m)|PE O-18:1_22:5(m2)
PE-Cer 42:6;O2|PE-Cer 20:1;O2/22:5,PECer 42:6(O2)|PE-Cer 20:1(O2/22:5)
SHexCer 34:1;O2,SHexCer 34:1(O2)
PE O-40:5|PE O-18:0_22:5,PEO 40:5(m)|PE O-18:0_22:5(m2)
PE O-40:5|PE O-18:1_22:4,PEO 40:5(m)|PE O-18:1_22:4(m2)
PE O-40:5|PE O-20:1_20:4,PEO 40:5(m)|PE O-20:1_20:4(m2)
PE O-40:5|PE O-18:0_22:5,PEO 40:5(m)|PE O-18:0_22:5(m2)
SHexCer 34:0;O2,SHexCer 34:0(O2)
PE O-40:4|PE O-18:0_22:4,PEO 40:4(m)|PE O-18:0_22:4(m2)
PE O-40:4|PE O-20:0_20:4,PEO 40:4(m)|PE O-20:0_20:4(m2)
PS 36:4|PS 16:0_20:4,PS 36:4(m)|PS 16:0_20:4(m2)
PS 36:4|PS 16:0_20:4,PS 36:4(m)|PS 16:0_20:4(m2)
PE O-40:3|PE O-20:0_20:3,PEO 40:3(m)|PE O-20:0_20:3(m2)
PE O-40:3|PE O-20:0_20:3,PEO 40:3(m)|PE O-20:0_20:3(m2)
PE O-40:2|PE O-22:1_18:1,PEO 40:2(m)|PE O-22:1_18:1(m2)
PE O-40:2|PE O-22:0_18:2,PEO 40:2(m)|PE O-22:0_18:2(m2)
PE 40:8|PE 20:4_20:4,PE 40:8(m)|PE 20:4_20:4(m2)
PE O-40:1|PE O-20:0_20:1,PEO 40:1(m)|PE O-20:0_20:1(m2)
PE 40:7|PE 18:1_22:6,PE 40:7(m)|PE 18:1_22:6(m2)
DGTS 34:5|DGTS 18:2_16:3,DGTS 34:5(m)|DGTS 18:2_16:3(m2)
Cer 46:5;O4|Cer 28:3;O3(FA 18:1),Cer 46:5(O4)|Cer 28:3(O3(FA 18:1))
LPE-N (FA)40:6|LPE-N (FA 22:4)18:2,LPEN (FA)40:6(m)|LPEN (FA 22:4)18:2(m2)
LPE-N (FA)40:6|LPE-N (FA 18:0)22:6,LPEN (FA)40:6(m)|LPEN (FA 18:0)22:6(m2)
LPE-N (FA)40:6|LPE-N (FA 22:4)18:2,LPEN (FA)40:6(m)|LPEN (FA 22:4)18:2(m2)
PE 40:6|PE 18:1_22:5,PE 40:6(m)|PE 18:1_22:5(m2)
PE 40:6|PE 18:0_22:6,PE 40:6(m)|PE 18:0_22:6(m2)
PE 40:6|PE 18:1_22:5,PE 40:6(m)|PE 18:1_22:5(m2)
PE O-41:6|PE O-19:0_22:6,PEO 41:6(m)|PE O-19:0_22:6(m2)
PE O-41:6|PE O-19:0_22:6,PEO 41:6(m)|PE O-19:0_22:6(m2)
CL 82:9|CL 24:0_18:1_20:4_20:4,CL 82:9(m)|CL 24:0_18:1_20:4_20:4(m2)
CL 82:9|CL 24:0_18:1_20:4_20:4,CL 82:9(m)|CL 24:0_18:1_20:4_20:4(m2)
PE 40:5|PE 18:0_22:5,PE 40:5(m)|PE 18:0_22:5(m2)
PE O-41:5|PE O-19:0_22:5,PEO 41:5(m)|PE O-19:0_22:5(m2)
PE O-41:5|PE O-19:0_22:5,PEO 41:5(m)|PE O-19:0_22:5(m2)
CL 82:8|CL 16:0_24:0_20:4_22:4,CL 82:8(m)|CL 16:0_24:0_20:4_22:4(m2)
LPE-N (FA)40:4|LPE-N (FA 22:4)18:0,LPEN (FA)40:4(m)|LPEN (FA 22:4)18:0(m2)
LPE-N (FA)40:4|LPE-N (FA 22:4)18:0,LPEN (FA)40:4(m)|LPEN (FA 22:4)18:0(m2)
PE 40:4|PE 18:0_22:4,PE 40:4(m)|PE 18:0_22:4(m2)
PE 40:4|PE 20:0_20:4,PE 40:4(m)|PE 20:0_20:4(m2)
CL 82:5|CL 16:0_18:0_27:0_21:5,CL 82:5(m)|CL 16:0_18:0_27:0_21:5(m2)
CL 82:5|CL 16:0_18:0_27:0_21:5,CL 82:5(m)|CL 16:0_18:0_27:0_21:5(m2)
PE 38:4;O2|PE 20:4_18:0;O2,PE 38:4(O2)|PE 20:4_18:0(O2)
PE O-42:8|PE O-20:2_22:6,PEO 42:8(m)|PE O-20:2_22:6(m2)
PE 40:1|PE 20:0_20:1,PE 40:1(m)|PE 20:0_20:1(m2)
PE O-42:7|PE O-20:1_22:6,PEO 42:7(m)|PE O-20:1_22:6(m2)
PE O-42:7|PE O-20:1_22:6,PEO 42:7(m)|PE O-20:1_22:6(m2)
PE O-42:7|PE O-20:1_22:6,PEO 42:7(m)|PE O-20:1_22:6(m2)
PE O-42:6|PE O-20:0_22:6,PEO 42:6(m)|PE O-20:0_22:6(m2)
PS 34:2;O3|PS 16:0_18:2;O3,PS 34:2(O3)|PS 16:0_18:2(O3)
PS 38:6|PS 18:2_20:4,PS 38:6(m)|PS 18:2_20:4(m2)
SHexCer 36:1;O2,SHexCer 36:1(O2)
PE O-42:5|PE O-20:1_22:4,PEO 42:5(m)|PE O-20:1_22:4(m2)
PE O-42:5|PE O-22:1_20:4,PEO 42:5(m)|PE O-22:1_20:4(m2)
PE O-42:5|PE O-20:0_22:5,PEO 42:5(m)|PE O-20:0_22:5(m2)
PE O-42:5|PE O-22:1_20:4,PEO 42:5(m)|PE O-22:1_20:4(m2)
PI 32:1|PI 16:0_16:1,PI 32:1(m)|PI 16:0_16:1(m2)
PI 32:1|PI 16:0_16:1,PI 32:1(m)|PI 16:0_16:1(m2)
PS 38:5|PS 18:1_20:4,PS 38:5(m)|PS 18:1_20:4(m2)
PS 38:5|PS 18:1_20:4,PS 38:5(m)|PS 18:1_20:4(m2)
SHexCer 35:1;O3,SHexCer 35:1(O3)
SL 50:9;O,SL 50:9(O)
PE O-42:4|PE O-22:0_20:4,PEO 42:4(m)|PE O-22:0_20:4(m2)
PE O-42:4|PE O-20:0_22:4,PEO 42:4(m)|PE O-20:0_22:4(m2)
LPE-N (FA)42:10|LPE-N (FA 22:6)20:4,LPEN (FA)42:10(m)|LPEN (FA 22:6)20:4(m2)
PS 38:4|PS 18:0_20:4,PS 38:4(m)|PS 18:0_20:4(m2)
PS 38:4|PS 18:0_20:4,PS 38:4(m)|PS 18:0_20:4(m2)
SHexCer 35:0;O3,SHexCer 35:0(O3)
SHexCer 35:0;O3,SHexCer 35:0(O3)
SHexCer 35:0;O3,SHexCer 35:0(O3)
Cer 48:8;O4|Cer 28:3;O3(FA 20:4),Cer 48:8(O4)|Cer 28:3(O3(FA 20:4))
PE O-42:3|PE O-24:1_18:2,PEO 42:3(m)|PE O-24:1_18:2(m2)
PE O-42:3|PE O-20:0_22:3,PEO 42:3(m)|PE O-20:0_22:3(m2)
PE 42:9|PE 20:3_22:6,PE 42:9(m)|PE 20:3_22:6(m2)
CL 85:8|CL 28:0_17:2_20:3_20:3,CL 85:8(m)|CL 28:0_17:2_20:3_20:3(m2)
PE 41:1|PE 22:0_19:1,PE 41:1(m)|PE 22:0_19:1(m2)
SHexCer 37:3;O2,SHexCer 37:3(O2)
SHexCer 37:3;O2,SHexCer 37:3(O2)
SHexCer 37:3;O2,SHexCer 37:3(O2)
SHexCer 37:2;O2,SHexCer 37:2(O2)
DGGA 38:4|DGGA 18:1_20:3,DGGA 38:4(m)|DGGA 18:1_20:3(m2)
DGGA 38:4|DGGA 18:1_20:3,DGGA 38:4(m)|DGGA 18:1_20:3(m2)
CL 86:9|CL 28:0_18:2_18:2_22:5,CL 86:9(m)|CL 28:0_18:2_18:2_22:5(m2)
DGGA 38:3|DGGA 18:1_20:2,DGGA 38:3(m)|DGGA 18:1_20:2(m2)
SHexCer 36:1;O3,SHexCer 36:1(O3)
SHexCer 37:0;O2,SHexCer 37:0(O2)
SHexCer 36:0;O3,SHexCer 36:0(O3)
SHexCer 36:0;O3,SHexCer 36:0(O3)
PE 42:2|PE 21:1_21:1,PE 42:2(m)|PE 21:1_21:1(m2)
PS 40:9|PS 20:4_20:5,PS 40:9(m)|PS 20:4_20:5(m2)
SHexCer 38:4;O2,SHexCer 38:4(O2)
PE O-44:8|PE O-22:2_22:6,PEO 44:8(m)|PE O-22:2_22:6(m2)
PS 40:8|PS 20:4_20:4,PS 40:8(m)|PS 20:4_20:4(m2)
PI 34:3|PI 16:0_18:3,PI 34:3(m)|PI 16:0_18:3(m2)
PI 34:3|PI 16:0_18:3,PI 34:3(m)|PI 16:0_18:3(m2)
PS 40:7|PS 18:1_22:6,PS 40:7(m)|PS 18:1_22:6(m2)
SHexCer 37:3;O3,SHexCer 37:3(O3)
PE O-44:6|PE O-22:0_22:6,PEO 44:6(m)|PE O-22:0_22:6(m2)
PI 34:2|PI 16:0_18:2,PI 34:2(m)|PI 16:0_18:2(m2)
PE 44:12|PE 22:6_22:6,PE 44:12(m)|PE 22:6_22:6(m2)
SHexCer 38:1;O2,SHexCer 38:1(O2)
PE O-44:5|PE O-24:1_20:4,PEO 44:5(m)|PE O-24:1_20:4(m2)
PE O-44:5|PE O-24:1_20:4,PEO 44:5(m)|PE O-24:1_20:4(m2)
PI 34:1|PI 16:0_18:1,PI 34:1(m)|PI 16:0_18:1(m2)
SHexCer 37:1;O3,SHexCer 37:1(O3)
SHexCer 38:0;O2,SHexCer 38:0(O2)
PE O-44:4|PE O-24:0_20:4,PEO 44:4(m)|PE O-24:0_20:4(m2)
SHexCer 39:6;O2,SHexCer 39:6(O2)
SHexCer 37:0;O3,SHexCer 37:0(O3)
SHexCer 37:0;O3,SHexCer 37:0(O3)
SHexCer 39:5;O2,SHexCer 39:5(O2)
SHexCer 39:5;O2,SHexCer 39:5(O2)
SHexCer 38:5;O3,SHexCer 38:5(O3)
CL 89:8|CL 28:0_17:2_22:3_22:3,CL 89:8(m)|CL 28:0_17:2_22:3_22:3(m2)
PE 43:1|PE 23:0_20:1,PE 43:1(m)|PE 23:0_20:1(m2)
PI O-36:4|PI O-16:0_20:4,PIO 36:4(m)|PI O-16:0_20:4(m2)
DGGA 40:6|DGGA 18:0_22:6,DGGA 40:6(m)|DGGA 18:0_22:6(m2)
SHexCer 39:3;O2,SHexCer 39:3(O2)
CL 90:13|CL 28:0_18:1_22:6_22:6,CL 90:13(m)|CL 28:0_18:1_22:6_22:6(m2)
DGGA 40:5|DGGA 20:2_20:3,DGGA 40:5(m)|DGGA 20:2_20:3(m2)
SHexCer 38:3;O3,SHexCer 38:3(O3)
SHexCer 39:2;O2,SHexCer 39:2(O2)
SHexCer 39:2;O2,SHexCer 39:2(O2)
SL 51:5;O2,SL 51:5(O2)
PI 35:2|PI 17:0_18:2,PI 35:2(m)|PI 17:0_18:2(m2)
DGGA 40:4|DGGA 20:1_20:3,DGGA 40:4(m)|DGGA 20:1_20:3(m2)
SHexCer 38:2;O3,SHexCer 38:2(O3)
SHexCer 39:1;O2,SHexCer 39:1(O2)
SHexCer 39:1;O2,SHexCer 39:1(O2)
SHexCer 38:1;O3,SHexCer 38:1(O3)
SHexCer 38:1;O3,SHexCer 38:1(O3)
SHexCer 38:0;O3,SHexCer 38:0(O3)
SHexCer 38:0;O3,SHexCer 38:0(O3)
PS 42:10|PS 20:4_22:6,PS 42:10(m)|PS 20:4_22:6(m2)
SHexCer 39:6;O3,SHexCer 39:6(O3)
SHexCer 39:6;O3,SHexCer 39:6(O3)
PI 32:1;O3|PI 16:1_16:0;O3,PI 32:1(O3)|PI 16:1_16:0(O3)
PI 36:5|PI 16:1_20:4,PI 36:5(m)|PI 16:1_20:4(m2)
PS 38:5;O3|PS 22:5_16:0;O3,PS 38:5(O3)|PS 22:5_16:0(O3)
SHexCer 39:5;O3,SHexCer 39:5(O3)
PE O-46:8|PE O-24:2_22:6,PEO 46:8(m)|PE O-24:2_22:6(m2)
PI 36:4|PI 18:2_18:2,PI 36:4(m)|PI 18:2_18:2(m2)
PI 32:0;O3|PI 16:0_16:0;O3,PI 32:0(O3)|PI 16:0_16:0(O3)
PI 36:3|PI 18:1_18:2,PI 36:3(m)|PI 18:1_18:2(m2)
SHexCer 41:9;O2,SHexCer 41:9(O2)
PI 36:2|PI 18:1_18:1,PI 36:2(m)|PI 18:1_18:1(m2)
SHexCer 40:1;O2,SHexCer 40:1(O2)
SHexCer 40:1;O2,SHexCer 40:1(O2)
SHexCer 40:1;O2,SHexCer 40:1(O2)
HexCer 44:5;O4|HexCer 18:0;O3/26:5(2OH),HexCer 44:5(O4)|HexCer 18:0(O3/26:5(2OH))
PI 36:1|PI 18:0_18:1,PI 36:1(m)|PI 18:0_18:1(m2)
SHexCer 39:1;O3,SHexCer 39:1(O3)
SHexCer 40:0;O2,SHexCer 40:0(O2)
PG 44:12|PG 22:6_22:6,PG 44:12(m)|PG 22:6_22:6(m2)
SHexCer 39:0;O3,SHexCer 39:0(O3)
SHexCer 39:0;O3,SHexCer 39:0(O3)
SHexCer 39:0;O3,SHexCer 39:0(O3)
SHexCer 39:0;O3,SHexCer 39:0(O3)
SMGDG 38:6,SMGDG 38:6
SMGDG 38:6,SMGDG 38:6
SHexCer 40:6;O3,SHexCer 40:6(O3)
SHexCer 41:5;O2,SHexCer 41:5(O2)
SHexCer 40:5;O3,SHexCer 40:5(O3)
PI 37:4|PI 17:0_20:4,PI 37:4(m)|PI 17:0_20:4(m2)
SHexCer 40:4;O3,SHexCer 40:4(O3)
SHexCer 41:3;O2,SHexCer 41:3(O2)
SHexCer 40:3;O3,SHexCer 40:3(O3)
SHexCer 40:2;O3,SHexCer 40:2(O3)
SHexCer 40:2;O3,SHexCer 40:2(O3)
SHexCer 41:1;O2,SHexCer 41:1(O2)
SHexCer 41:8;O3,SHexCer 41:8(O3)
SHexCer 41:8;O3,SHexCer 41:8(O3)
SHexCer 41:8;O3,SHexCer 41:8(O3)
SHexCer 40:1;O3,SHexCer 40:1(O3)
SHexCer 40:1;O3,SHexCer 40:1(O3)
SHexCer 41:7;O3,SHexCer 41:7(O3)
SHexCer 40:0;O3,SHexCer 40:0(O3)
SHexCer 40:0;O3,SHexCer 40:0(O3)
PI 34:2;O3|PI 18:2_16:0;O3,PI 34:2(O3)|PI 18:2_16:0(O3)
PI 38:6|PI 16:0_22:6,PI 38:6(m)|PI 16:0_22:6(m2)
SHexCer 41:6;O3,SHexCer 41:6(O3)
PI 34:1;O3|PI 18:1_16:0;O3,PI 34:1(O3)|PI 18:1_16:0(O3)
SHexCer 41:5;O3,SHexCer 41:5(O3)
PI 34:0;O3|PI 18:0_16:0;O3,PI 34:0(O3)|PI 18:0_16:0(O3)
PI 34:0;O3|PI 18:0_16:0;O3,PI 34:0(O3)|PI 18:0_16:0(O3)
PI 38:4|PI 18:1_20:3,PI 38:4(m)|PI 18:1_20:3(m2)
MGDG 40:8|MGDG 20:4_20:4,MGDG 40:8(m)|MGDG 20:4_20:4(m2)
PG 44:2|PG 22:1_22:1,PG 44:2(m)|PG 22:1_22:1(m2)
SHexCer 42:3;O2,SHexCer 42:3(O2)
SHexCer 42:3;O2,SHexCer 42:3(O2)
PI 37:4;O|PI 20:3_17:1;O,PI 37:4(O)|PI 20:3_17:1(O)
PI 38:3|PI 18:0_20:3,PI 38:3(m)|PI 18:0_20:3(m2)
PI 38:3|PI 18:0_20:3,PI 38:3(m)|PI 18:0_20:3(m2)
PE 47:6|PE 25:0_22:6,PE 47:6(m)|PE 25:0_22:6(m2)
PI 38:2|PI 18:0_20:2,PI 38:2(m)|PI 18:0_20:2(m2)
SMGDG 40:8,SMGDG 40:8
SHexCer 42:0;O2,SHexCer 42:0(O2)
SHexCer 41:0;O3,SHexCer 41:0(O3)
SHexCer 42:6;O3,SHexCer 42:6(O3)
SHexCer 42:5;O3,SHexCer 42:5(O3)
PI 39:4|PI 19:0_20:4,PI 39:4(m)|PI 19:0_20:4(m2)
SMGDG 41:10,SMGDG 41:10
SHexCer 44:9;O2,SHexCer 44:9(O2)
SHexCer 44:9;O2,SHexCer 44:9(O2)
SHexCer 44:9;O2,SHexCer 44:9(O2)
SHexCer 42:3;O3,SHexCer 42:3(O3)
SHexCer 43:2;O2,SHexCer 43:2(O2)
SHexCer 42:2;O3,SHexCer 42:2(O3)
SHexCer 43:8;O3,SHexCer 43:8(O3)
SHexCer 43:8;O3,SHexCer 43:8(O3)
SHexCer 42:1;O3,SHexCer 42:1(O3)
SHexCer 42:1;O3,SHexCer 42:1(O3)
PI 36:3;O3|PI 18:1_18:2;O3,PI 36:3(O3)|PI 18:1_18:2(O3)
SHexCer 42:0;O3,SHexCer 42:0(O3)
PI 36:2;O3|PI 18:0_18:2;O3,PI 36:2(O3)|PI 18:0_18:2(O3)
PI 36:2;O3|PI 18:0_18:2;O3,PI 36:2(O3)|PI 18:0_18:2(O3)
PI 36:1;O3|PI 18:0_18:1;O3,PI 36:1(O3)|PI 18:0_18:1(O3)
PI 36:1;O3|PI 18:0_18:1;O3,PI 36:1(O3)|PI 18:0_18:1(O3)
HBMP 45:3|HBMP 15:1_15:1_15:1,HBMP 45:3(m)|HBMP 15:1_15:1_15:1(m2)
PI 40:4|PI 18:0_22:4,PI 40:4(m)|PI 18:0_22:4(m2)
PI 40:4|PI 20:0_20:4,PI 40:4(m)|PI 20:0_20:4(m2)
SMGDG 42:10,SMGDG 42:10
SHexCer 44:7;O3,SHexCer 44:7(O3)
SHexCer 45:6;O2,SHexCer 45:6(O2)
SHexCer 43:0;O3,SHexCer 43:0(O3)
SHexCer 43:0;O3,SHexCer 43:0(O3)
DLCL 36:4|DLCL 18:2_18:2,DLCL 36:4(m)|DLCL 18:2_18:2(m2)
Cer 57:14;O4|Cer 37:9;O3(FA 20:4),Cer 57:14(O4)|Cer 37:9(O3(FA 20:4))
Cer 57:14;O4|Cer 37:9;O3(FA 20:4),Cer 57:14(O4)|Cer 37:9(O3(FA 20:4))
DLCL 36:3|DLCL 18:1_18:2,DLCL 36:3(m)|DLCL 18:1_18:2(m2)
DLCL 36:3|DLCL 18:1_18:2,DLCL 36:3(m)|DLCL 18:1_18:2(m2)
SMGDG O-43:11|SMGDG O-15:4_28:7,SMGDGO 43:11(m)|SMGDG O-15:4_28:7(m2)
PEtOH 50:0|PEtOH 25:0_25:0,PEtOH 50:0(m)|PEtOH 25:0_25:0(m2)
SHexCer 46:9;O2,SHexCer 46:9(O2)
Cer 58:14;O4|Cer 38:9;O3(FA 20:4),Cer 58:14(O4)|Cer 38:9(O3(FA 20:4))
SMGDG 45:12,SMGDG 45:12
SHexCer 47:1;O2,SHexCer 47:1(O2)
DLCL 41:11,DLCL 41:11
SHexCer 49:3;O2,SHexCer 49:3(O2)
SHexCer 49:2;O2,SHexCer 49:2(O2)
SHexCer 49:1;O2,SHexCer 49:1(O2)
SHexCer 51:3;O2,SHexCer 51:3(O2)
SHexCer 53:3;O2,SHexCer 53:3(O2)
GM3 34:1;O2,GM3 34:1(O2)
GM3 34:1;O2,GM3 34:1(O2)
CL 72:8|CL 18:2_18:2_18:2_18:2,CL 72:8(m)|CL 18:2_18:2_18:2_18:2(m2)
CL 80:6|CL 36:1_44:5,CL 80:6(m)|CL 36:1_44:5(m2)
CL 82:7|CL 41:1_41:6,CL 82:7(m)|CL 41:1_41:6(m2)
CAR 4:0,CAR 4:0
CAR 4:0,CAR 4:0
CAR 4:0,CAR 4:0
NAE 18:0,NAE 18:0
ST 27:2;O,ST 27:2(O)
ST 27:1;O,ST 27:1(O)
ST 27:1;O,ST 27:1(O)
ST 27:1;O,ST 27:1(O)
ST 27:1;O,ST 27:1(O)
ST 27:1;O,ST 27:1(O)
ST 27:1;O,ST 27:1(O)
ST 27:1;O,ST 27:1(O)
ST 27:1;O,ST 27:1(O)
NAE 21:0,NAE 21:0
MG 18:2,MG 18:2
MG 18:2,MG 18:2
MG 18:1,MG 18:1
ST 28:3;O,ST 28:3(O)
ST 28:2;O,ST 28:2(O)
ST 28:2;O,ST 28:2(O)
ST 28:1;O,ST 28:1(O)
ST 29:2;O,ST 29:2(O)
ST 29:2;O,ST 29:2(O)
ST 29:1;O,ST 29:1(O)
CAR 16:0,CAR 16:0
CAR 16:0,CAR 16:0
CAR 16:0,CAR 16:0
CAR 16:0,CAR 16:0
CAR 16:0,CAR 16:0
CAR 16:0,CAR 16:0
ST 27:1;O,ST 27:1(O)
ST 27:0;O,ST 27:0(O)
CAR 18:2,CAR 18:2
CAR 18:2,CAR 18:2
Cer 26:2;O2|Cer 13:2;O2/13:0,Cer 26:2(O2)|Cer 13:2(O2/13:0)
CAR 18:1,CAR 18:1
CAR 18:1,CAR 18:1
CAR 18:1,CAR 18:1
CAR 18:0,CAR 18:0
NAE 26:5,NAE 26:5
NAE 26:5,NAE 26:5
NAE 26:2,NAE 26:2
ST 29:1;O,ST 29:1(O)
LPE O-16:1,LPEO 16:1
NAE 26:1,NAE 26:1
CAR 19:0,CAR 19:0
CAR 20:2,CAR 20:2
LPE 16:0,LPE 16:0
LPE 16:0,LPE 16:0
LPE 16:0,LPE 16:0
LPE 16:0,LPE 16:0
LPE 16:0,LPE 16:0
MG 24:3,MG 24:3
CAR 20:1,CAR 20:1
MG 24:2,MG 24:2
CAR 20:0,CAR 20:0
LPE O-18:1,LPEO 18:1
Cer 29:2;O2|Cer 13:2;O2/16:0,Cer 29:2(O2)|Cer 13:2(O2/16:0)
LPC 14:0/0:0,LPC 14:0/0:0
LPC 14:0/0:0,LPC 14:0/0:0
LPC 14:0/0:0,LPC 14:0/0:0
NAE 28:0,NAE 28:0
CAR 21:0,CAR 21:0
DG 24:3,DG 24:3
LPE 18:2,LPE 18:2
LPE 18:2,LPE 18:2
LPE 18:2,LPE 18:2
LPC 15:1/0:0,LPC 15:1/0:0
LPC 15:1/0:0,LPC 15:1/0:0
LPE 18:1,LPE 18:1
Cer 29:6;O2|Cer 13:2;O2/16:4,Cer 29:6(O2)|Cer 13:2(O2/16:4)
CAR 22:2,CAR 22:2
LPC 15:0/0:0,LPC 15:0/0:0
LPE 18:0,LPE 18:0
LPC 15:0/0:0,LPC 15:0/0:0
LPE 18:0,LPE 18:0
LPC 15:0/0:0,LPC 15:0/0:0
LPC 15:0/0:0,LPC 15:0/0:0
MG 26:3,MG 26:3
MG 26:2,MG 26:2
CAR 22:0,CAR 22:0
CAR 22:0,CAR 22:0
MG 26:2,MG 26:2
DG 25:3,DG 25:3
DG 25:3,DG 25:3
DG 25:3,DG 25:3
DG 25:3,DG 25:3
LPC 14:0,LPC 14:0
DG 25:1,DG 25:1
LPC 16:1/0:0,LPC 16:1/0:0
LPC 16:1/0:0,LPC 16:1/0:0
LPC 16:1/0:0,LPC 16:1/0:0
LPC 16:1/0:0,LPC 16:1/0:0
LPC 16:1/0:0,LPC 16:1/0:0
Cer 31:2;O2|Cer 12:2;O2/19:0,Cer 31:2(O2)|Cer 12:2(O2/19:0)
PC 15:0,PC 15:0
PC 15:0,PC 15:0
LPC 16:0/0:0,LPC 16:0/0:0
PC 15:0,PC 15:0
PC 15:0,PC 15:0
LPC 16:0/0:0,LPC 16:0/0:0
LPC 16:0/0:0,LPC 16:0/0:0
LPC 16:0/0:0,LPC 16:0/0:0
LPC 16:0/0:0,LPC 16:0/0:0
LPC 16:0/0:0,LPC 16:0/0:0
LPC 16:0/0:0,LPC 16:0/0:0
LPC 16:0/0:0,LPC 16:0/0:0
LPC 16:0/0:0,LPC 16:0/0:0
LPC 16:0/0:0,LPC 16:0/0:0
LPC 16:0/0:0,LPC 16:0/0:0
CAR 23:0,CAR 23:0
DG 26:4,DG 26:4
DG 26:4,DG 26:4
LPE 20:4,LPE 20:4
LPC 15:1,LPC 15:1
LPC 15:1,LPC 15:1
LPC 15:1,LPC 15:1
LPC 15:1,LPC 15:1
LPC 15:1,LPC 15:1
LPC 15:1,LPC 15:1
LPE 20:4,LPE 20:4
LPC 15:0,LPC 15:0
LPC 15:0,LPC 15:0
LPC 15:0,LPC 15:0
LPC 17:1/0:0,LPC 17:1/0:0
LPC 17:1/0:0,LPC 17:1/0:0
LPC 17:1/0:0,LPC 17:1/0:0
LPC O-18:1,LPCO 18:1
MG 28:4,MG 28:4
LPC 17:0/0:0,LPC 17:0/0:0
LPC 17:0/0:0,LPC 17:0/0:0
LPC 17:0/0:0,LPC 17:0/0:0
CAR 24:0,CAR 24:0
CAR 24:0,CAR 24:0
LPC 16:1,LPC 16:1
LPC 16:1,LPC 16:1
LPC 16:1,LPC 16:1
LPC 16:1,LPC 16:1
TG 26:0|TG 8:0_8:0_10:0,TG 26:0(m)|TG 8:0_8:0_10:0(m2)
LPC 16:0,LPC 16:0
LPC 16:0,LPC 16:0
LPC 16:0,LPC 16:0
LPC 16:0,LPC 16:0
LPC 16:0,LPC 16:0
LPC 18:3/0:0,LPC 18:3/0:0
LPC 18:3/0:0,LPC 18:3/0:0
LPC 18:3/0:0,LPC 18:3/0:0
LPC 18:2/0:0,LPC 18:2/0:0
LPC 18:2/0:0,LPC 18:2/0:0
LPC 18:2/0:0,LPC 18:2/0:0
LPC 18:2/0:0,LPC 18:2/0:0
LPC 18:2/0:0,LPC 18:2/0:0
LPC 18:2/0:0,LPC 18:2/0:0
LPC 18:2/0:0,LPC 18:2/0:0
LPC 18:2/0:0,LPC 18:2/0:0
LPC 18:2/0:0,LPC 18:2/0:0
LPC 18:2/0:0,LPC 18:2/0:0
LPC 18:2/0:0,LPC 18:2/0:0
LPC 18:2/0:0,LPC 18:2/0:0
LPC 18:2/0:0,LPC 18:2/0:0
LPC 18:2/0:0,LPC 18:2/0:0
SM 20:2;O2,SM 20:2(O2)
LPC 18:1/0:0,LPC 18:1/0:0
LPC 18:1/0:0,LPC 18:1/0:0
LPC 18:1/0:0,LPC 18:1/0:0
LPC 18:1/0:0,LPC 18:1/0:0
SM 20:1;O2,SM 20:1(O2)
SM 20:1;O2,SM 20:1(O2)
SM 20:1;O2,SM 20:1(O2)
LPC 18:0/0:0,LPC 18:0/0:0
LPC 18:0/0:0,LPC 18:0/0:0
LPC 18:0/0:0,LPC 18:0/0:0
LPC 18:0/0:0,LPC 18:0/0:0
LPC 18:0/0:0,LPC 18:0/0:0
LPC 18:0/0:0,LPC 18:0/0:0
LPC 18:0/0:0,LPC 18:0/0:0
LPC 18:0/0:0,LPC 18:0/0:0
LPE 22:6,LPE 22:6
LPE 22:6,LPE 22:6
LPE 22:6,LPE 22:6
LPE 22:6,LPE 22:6
LPE 22:6,LPE 22:6
LPE 22:6,LPE 22:6
LPE 22:6,LPE 22:6
DG 28:3,DG 28:3
DG 28:3,DG 28:3
DG 28:3,DG 28:3
DG 28:3,DG 28:3
LPC 17:1,LPC 17:1
LPC 17:1,LPC 17:1
DG 28:2,DG 28:2
LPC 17:0,LPC 17:0
LPC 17:0,LPC 17:0
LPC 17:0,LPC 17:0
LPC 17:0,LPC 17:0
LPC 19:1/0:0,LPC 19:1/0:0
LPC 19:1/0:0,LPC 19:1/0:0
LPC 19:1/0:0,LPC 19:1/0:0
LPC 19:0/0:0,LPC 19:0/0:0
LPC 19:0/0:0,LPC 19:0/0:0
Cer 34:1;O2|Cer 18:1;O2/16:0,Cer 34:1(O2)|Cer 18:1(O2/16:0)
LPC 18:3,LPC 18:3
LPC 18:3,LPC 18:3
LPC 18:3,LPC 18:3
MG 30:2,MG 30:2
LPC 18:2,LPC 18:2
LPC 18:2,LPC 18:2
LPC 18:2,LPC 18:2
LPC 18:2,LPC 18:2
LPC 18:2,LPC 18:2
LPC 18:2,LPC 18:2
LPC 18:2,LPC 18:2
LPC 20:4/0:0,LPC 20:4/0:0
LPC 20:4/0:0,LPC 20:4/0:0
LPC 20:4/0:0,LPC 20:4/0:0
LPC 20:4/0:0,LPC 20:4/0:0
LPC 20:4/0:0,LPC 20:4/0:0
LPC 20:4/0:0,LPC 20:4/0:0
LPC 20:4/0:0,LPC 20:4/0:0
LPC 20:4/0:0,LPC 20:4/0:0
LPC 20:4/0:0,LPC 20:4/0:0
LPC 20:3/0:0,LPC 20:3/0:0
LPC 20:3/0:0,LPC 20:3/0:0
LPC 18:0,LPC 18:0
LPC 18:0,LPC 18:0
LPC 18:0,LPC 18:0
LPC 18:0,LPC 18:0
LPC 20:3/0:0,LPC 20:3/0:0
LPC 20:3/0:0,LPC 20:3/0:0
LPC 20:3/0:0,LPC 20:3/0:0
DG 30:8,DG 30:8
DG 30:8,DG 30:8
LPC 20:2/0:0,LPC 20:2/0:0
LPC 20:2/0:0,LPC 20:2/0:0
LPC 20:2/0:0,LPC 20:2/0:0
LPC 20:2/0:0,LPC 20:2/0:0
LPC 20:1/0:0,LPC 20:1/0:0
LPC 20:0/0:0,LPC 20:0/0:0
LPC 20:0/0:0,LPC 20:0/0:0
CAR 27:1,CAR 27:1
DG 30:5,DG 30:5
LPC 19:0,LPC 19:0
LPC 19:0,LPC 19:0
LPC 20:4,LPC 20:4
LPC 20:4,LPC 20:4
LPC 20:4,LPC 20:4
LPC 21:0/0:0,LPC 21:0/0:0
Cer 36:1;O2|Cer 18:1;O2/18:0,Cer 36:1(O2)|Cer 18:1(O2/18:0)
LPC 22:6/0:0,LPC 22:6/0:0
LPC 22:6/0:0,LPC 22:6/0:0
LPC 22:6/0:0,LPC 22:6/0:0
LPC 22:6/0:0,LPC 22:6/0:0
LPC 22:6/0:0,LPC 22:6/0:0
LPC 22:6/0:0,LPC 22:6/0:0
LPC 22:6/0:0,LPC 22:6/0:0
LPC 22:6/0:0,LPC 22:6/0:0
LPC 22:5/0:0,LPC 22:5/0:0
LPC 22:5/0:0,LPC 22:5/0:0
LPC 22:5/0:0,LPC 22:5/0:0
LPC 22:5/0:0,LPC 22:5/0:0
LPC 22:5/0:0,LPC 22:5/0:0
LPC 20:1,LPC 20:1
LPC 20:1,LPC 20:1
LPC 22:4/0:0,LPC 22:4/0:0
LPC 22:4/0:0,LPC 22:4/0:0
LPC 22:4/0:0,LPC 22:4/0:0
LPC 22:4/0:0,LPC 22:4/0:0
LPC 20:0,LPC 20:0
LPC 20:0,LPC 20:0
LPC 22:2/0:0,LPC 22:2/0:0
TG O-31:0|TG O-11:0_9:0_11:0,TGO 31:0(m)|TG O-11:0_9:0_11:0(m2)
LPC 22:1/0:0,LPC 22:1/0:0
LPC 22:1/0:0,LPC 22:1/0:0
LPC 22:0/0:0,LPC 22:0/0:0
Cer 36:1;O3|Cer 21:0;O2/15:1;O,Cer 36:1(O3)|Cer 21:0(O2/15:1;O)
DG 32:1|DG 16:0_16:1,DG 32:1(m)|DG 16:0_16:1(m2)
DG 32:0|DG 16:0_16:0,DG 32:0(m)|DG 16:0_16:0(m2)
LPC 22:6,LPC 22:6
LPC 22:6,LPC 22:6
LPC 22:6,LPC 22:6
LPC 22:6,LPC 22:6
LPC 22:6,LPC 22:6
LPC 22:6,LPC 22:6
DG 32:0,DG 32:0
LPC 23:0/0:0,LPC 23:0/0:0
Cer 38:1;O2|Cer 18:1;O2/20:0,Cer 38:1(O2)|Cer 18:1(O2/20:0)
DG O-34:1|DG O-16:0_18:1,DGO 34:1(m)|DG O-16:0_18:1(m2)
TG 32:0|TG 8:0_12:0_12:0,TG 32:0(m)|TG 8:0_12:0_12:0(m2)
DG O-34:0|DG O-18:0_16:0,DGO 34:0(m)|DG O-18:0_16:0(m2)
LPC 24:2/0:0,LPC 24:2/0:0
Cer 40:1;O2|Cer 18:1;O2/22:0,Cer 40:1(O2)|Cer 18:1(O2/22:0)
DG 33:1(d7)|DG 15:0_18:1(d7),DG 33:1(d7)|DG 15:0_18:1(d7)
LPC 24:1/0:0,LPC 24:1/0:0
LPC 24:1/0:0,LPC 24:1/0:0
LPC 24:0/0:0,LPC 24:0/0:0
LPC 24:0,LPC 24:0
Cer 39:1;O2|Cer 17:1;O2/22:0,Cer 39:1(O2)|Cer 17:1(O2/22:0)
DG 34:2|DG 16:0_18:2,DG 34:2(m)|DG 16:0_18:2(m2)
DG 34:2|DG 16:0_18:2,DG 34:2(m)|DG 16:0_18:2(m2)
Cer 38:1;O3|Cer 21:0;O2/17:1;O,Cer 38:1(O3)|Cer 21:0(O2/17:1;O)
Cer 39:0;O2|Cer 21:0;O2/18:0,Cer 39:0(O2)|Cer 21:0(O2/18:0)
DG 34:1|DG 16:0_18:1,DG 34:1(m)|DG 16:0_18:1(m2)
DG 34:0|DG 16:0_18:0,DG 34:0(m)|DG 16:0_18:0(m2)
DG 34:2,DG 34:2
DG 34:1,DG 34:1
DG 34:0,DG 34:0
Cer 40:2;O2|Cer 18:2;O2/22:0,Cer 40:2(O2)|Cer 18:2(O2/22:0)
Cer 40:1;O2|Cer 18:1;O2/22:0,Cer 40:1(O2)|Cer 18:1(O2/22:0)
Cer 38:2;O4|Cer 20:1;O3/18:1(2OH),Cer 38:2(O4)|Cer 20:1(O3/18:1(2OH))
Cer 39:1;O3|Cer 21:0;O2/18:1;O,Cer 39:1(O3)|Cer 21:0(O2/18:1;O)
Cer 40:0;O2|Cer 18:0;O2/22:0,Cer 40:0(O2)|Cer 18:0(O2/22:0)
Cer 38:1;O4|Cer 17:1;O3/21:0(2OH),Cer 38:1(O4)|Cer 17:1(O3/21:0(2OH))
Cer 39:0;O3|Cer 21:0;O2/18:0;O,Cer 39:0(O3)|Cer 21:0(O2/18:0;O)
Cer 39:0;O3|Cer 18:0;O2/21:0;O,Cer 39:0(O3)|Cer 18:0(O2/21:0;O)
Cer 39:0;O3|Cer 21:0;O2/18:0;O,Cer 39:0(O3)|Cer 21:0(O2/18:0;O)
VAE 22:2,VAE 22:2
TG 34:0|TG 8:0_12:0_14:0,TG 34:0(m)|TG 8:0_12:0_14:0(m2)
DG O-36:0|DG O-18:0_18:0,DGO 36:0(m)|DG O-18:0_18:0(m2)
Cer 42:1;O2|Cer 18:1;O2/24:0,Cer 42:1(O2)|Cer 18:1(O2/24:0)
DG 36:4|DG 18:2_18:2,DG 36:4(m)|DG 18:2_18:2(m2)
DG 36:4|DG 16:0_20:4,DG 36:4(m)|DG 16:0_20:4(m2)
Cer 41:2;O2|Cer 17:1;O2/24:1,Cer 41:2(O2)|Cer 17:1(O2/24:1)
DG 36:3|DG 18:1_18:2,DG 36:3(m)|DG 18:1_18:2(m2)
Cer 41:1;O2|Cer 18:1;O2/23:0,Cer 41:1(O2)|Cer 18:1(O2/23:0)
DG 36:2|DG 18:1_18:1,DG 36:2(m)|DG 18:1_18:1(m2)
DG 36:2|DG 18:1_18:1,DG 36:2(m)|DG 18:1_18:1(m2)
DG 36:2|DG 18:0_18:2,DG 36:2(m)|DG 18:0_18:2(m2)
Cer 41:0;O2|Cer 18:0;O2/23:0,Cer 41:0(O2)|Cer 18:0(O2/23:0)
DG 36:1|DG 18:0_18:1,DG 36:1(m)|DG 18:0_18:1(m2)
DG 36:1|DG 18:0_18:1,DG 36:1(m)|DG 18:0_18:1(m2)
Cer 40:0;O3|Cer 20:0;O2/20:0;O,Cer 40:0(O3)|Cer 20:0(O2/20:0;O)
MG 37:1,MG 37:1
DG 36:3,DG 36:3
Cer 40:2;O2|Cer 18:0;O2/22:2,Cer 40:2(O2)|Cer 18:0(O2/22:2)
Cer 40:2;O2|Cer 21:0;O2/19:2,Cer 40:2(O2)|Cer 21:0(O2/19:2)
DG 36:0|DG 18:0_18:0,DG 36:0(m)|DG 18:0_18:0(m2)
Cer 39:0;O4|Cer 18:0;O3/21:0(2OH),Cer 39:0(O4)|Cer 18:0(O3/21:0(2OH))
DG 36:0|DG 18:0_18:0,DG 36:0(m)|DG 18:0_18:0(m2)
Cer 40:2;O2|Cer 21:0;O2/19:2,Cer 40:2(O2)|Cer 21:0(O2/19:2)
Cer 39:0;O4|Cer 21:0;O3/18:0(2OH),Cer 39:0(O4)|Cer 21:0(O3/18:0(2OH))
Cer 40:2;O2|Cer 21:0;O2/19:2,Cer 40:2(O2)|Cer 21:0(O2/19:2)
DG 36:0|DG 16:0_20:0,DG 36:0(m)|DG 16:0_20:0(m2)
DG 36:2,DG 36:2
DG 36:1,DG 36:1
Cer 42:3;O2|Cer 18:2;O2/24:1,Cer 42:3(O2)|Cer 18:2(O2/24:1)
DG 37:7,DG 37:7
DG 36:0,DG 36:0
DG 36:0,DG 36:0
DG 36:0,DG 36:0
DG 36:0,DG 36:0
DG 36:0,DG 36:0
DG 36:0,DG 36:0
DG 36:0,DG 36:0
DG 36:0,DG 36:0
DG 36:0,DG 36:0
DG 36:0,DG 36:0
DG 36:0,DG 36:0
DG 36:0,DG 36:0
Cer 42:2;O2|Cer 18:1;O2/24:1,Cer 42:2(O2)|Cer 18:1(O2/24:1)
DG 37:3|DG 18:1_19:2,DG 37:3(m)|DG 18:1_19:2(m2)
Cer 42:1;O2|Cer 18:1;O2/24:0,Cer 42:1(O2)|Cer 18:1(O2/24:0)
Cer 42:0;O3|Cer 18:0;O2/24:0;O,Cer 42:0(O3)|Cer 18:0(O2/24:0;O)
Cer 40:2;O4|Cer 18:0;O3/22:2(2OH),Cer 40:2(O4)|Cer 18:0(O3/22:2(2OH))
Cer 42:0;O2|Cer 18:0;O2/24:0,Cer 42:0(O2)|Cer 18:0(O2/24:0)
Cer 41:0;O3|Cer 21:0;O2/20:0;O,Cer 41:0(O3)|Cer 21:0(O2/20:0;O)
DG O-38:1|DG O-20:0_18:1,DGO 38:1(m)|DG O-20:0_18:1(m2)
DG O-38:1|DG O-20:0_18:1,DGO 38:1(m)|DG O-20:0_18:1(m2)
Cer 44:4;O2|Cer 18:1;O2/26:3,Cer 44:4(O2)|Cer 18:1(O2/26:3)
TG 36:0|TG 10:0_12:0_14:0,TG 36:0(m)|TG 10:0_12:0_14:0(m2)
DG O-38:0|DG O-20:0_18:0,DGO 38:0(m)|DG O-20:0_18:0(m2)
DG 38:6|DG 18:2_20:4,DG 38:6(m)|DG 18:2_20:4(m2)
DG 38:5|DG 18:1_20:4,DG 38:5(m)|DG 18:1_20:4(m2)
SM 31:1;O2,SM 31:1(O2)
DG 38:4|DG 18:1_20:3,DG 38:4(m)|DG 18:1_20:3(m2)
DG 38:4|DG 18:0_20:4,DG 38:4(m)|DG 18:0_20:4(m2)
DG 38:4|DG 18:1_20:3,DG 38:4(m)|DG 18:1_20:3(m2)
DG 38:3|DG 20:1_18:2,DG 38:3(m)|DG 20:1_18:2(m2)
CE 18:3,CE 18:3
DG 38:2|DG 18:1_20:1,DG 38:2(m)|DG 18:1_20:1(m2)
Cer 41:2;O4|Cer 17:2;O3/24:0(2OH),Cer 41:2(O4)|Cer 17:2(O3/24:0(2OH))
CE 18:2,CE 18:2
CE 18:2,CE 18:2
CE 18:2,CE 18:2
CE 18:2,CE 18:2
CE 18:2,CE 18:2
CE 18:2,CE 18:2
CE 18:2,CE 18:2
CE 18:2,CE 18:2
Cer 42:1;O3|Cer 18:1;O2/24:0;O,Cer 42:1(O3)|Cer 18:1(O2/24:0;O)
Cer 41:1;O4|Cer 18:0;O3/23:1(2OH),Cer 41:1(O4)|Cer 18:0(O3/23:1(2OH))
DG 38:1|DG 20:0_18:1,DG 38:1(m)|DG 20:0_18:1(m2)
Cer 42:2;O2|Cer 21:0;O2/21:2,Cer 42:2(O2)|Cer 21:0(O2/21:2)
SM 32:2;O2,SM 32:2(O2)
VAE 25:0,VAE 25:0
SM 32:1;O2|SM 16:1;O2/16:0,SM 32:1(O2)|SM 16:1(O2/16:0)
PC 28:0,PC 28:0
Cer 43:4;O2|Cer 19:2;O2/24:2,Cer 43:4(O2)|Cer 19:2(O2/24:2)
DG 40:8|DG 18:2_22:6,DG 40:8(m)|DG 18:2_22:6(m2)
Cer 42:1;O4|Cer 18:0;O3/24:1(2OH),Cer 42:1(O4)|Cer 18:0(O3/24:1(2OH))
Cer 43:3;O2|Cer 21:0;O2/22:3,Cer 43:3(O2)|Cer 21:0(O2/22:3)
DG 40:7|DG 18:1_22:6,DG 40:7(m)|DG 18:1_22:6(m2)
TG 38:0|TG 12:0_12:0_14:0,TG 38:0(m)|TG 12:0_12:0_14:0(m2)
DG 39:2,DG 39:2
DG 40:6|DG 18:1_22:5,DG 40:6(m)|DG 18:1_22:5(m2)
DG 39:1,DG 39:1
DG 39:1,DG 39:1
CE 20:5,CE 20:5
SM 33:1;O2|SM 17:1;O2/16:0,SM 33:1(O2)|SM 17:1(O2/16:0)
CE 20:4,CE 20:4
CE 20:4,CE 20:4
CE 20:4,CE 20:4
CE 20:4,CE 20:4
CE 20:4,CE 20:4
CE 20:4,CE 20:4
CE 20:4,CE 20:4
CE 20:4,CE 20:4
CE 20:4,CE 20:4
CE 20:4,CE 20:4
CE 20:4,CE 20:4
CE 20:4,CE 20:4
CE 20:4,CE 20:4
CE 20:4,CE 20:4
CE 20:4,CE 20:4
CE 20:4,CE 20:4
CE 20:4,CE 20:4
SM 32:1;O2,SM 32:1(O2)
PC O-30:0|PC O-14:0_16:0,PCO 30:0(m)|PC O-14:0_16:0(m2)
SM 32:1;O2,SM 32:1(O2)
SM 34:3;O2|SM 18:2;O2/16:1,SM 34:3(O2)|SM 18:2(O2/16:1)
PE P-34:2|PE P-16:0_18:2,PEP 34:2(m)|PE P-16:0_18:2(m2)
PE P-34:2|PE P-16:0_18:2,PEP 34:2(m)|PE P-16:0_18:2(m2)
HexCer 34:1;O2|HexCer 18:1;O2/16:0,HexCer 34:1(O2)|HexCer 18:1(O2/16:0)
SM 34:2;O2|SM 18:2;O2/16:0,SM 34:2(O2)|SM 18:2(O2/16:0)
PE P-34:1|PE P-16:0_18:1,PEP 34:1(m)|PE P-16:0_18:1(m2)
SM 34:1;O2,SM 34:1(O2)
SM 34:1;O2|SM 18:1;O2/16:0,SM 34:1(O2)|SM 18:1(O2/16:0)
SM 34:1;O2|SM 18:1;O2/16:0,SM 34:1(O2)|SM 18:1(O2/16:0)
PC 30:1,PC 30:1
PE O-34:1,PEO 34:1
SM 33:1;O2,SM 33:1(O2)
SM 34:0;O2|SM 21:0;O2/13:0,SM 34:0(O2)|SM 21:0(O2/13:0)
PC 30:0|PC 14:0_16:0,PC 30:0(m)|PC 14:0_16:0(m2)
SM 33:1;O2,SM 33:1(O2)
PE 33:1(d7)|PE 15:0_18:1(d7),PE 33:1(d7)|PE 15:0_18:1(d7)
TG 40:0|TG 10:0_14:0_16:0,TG 40:0(m)|TG 10:0_14:0_16:0(m2)
PC O-32:3|PC O-14:1_18:2,PCO 32:3(m)|PC O-14:1_18:2(m2)
CE 22:6,CE 22:6
CE 22:6,CE 22:6
CE 22:6,CE 22:6
CE 22:6,CE 22:6
SM 35:2;O2|SM 17:1;O2/18:1,SM 35:2(O2)|SM 17:1(O2/18:1)
PE 34:2|PE 16:0_18:2,PE 34:2(m)|PE 16:0_18:2(m2)
CE 22:5,CE 22:5
SM 34:2;O2,SM 34:2(O2)
SM 35:1;O2|SM 17:1;O2/18:0,SM 35:1(O2)|SM 17:1(O2/18:0)
DG 41:0,DG 41:0
PC O-32:1|PC O-16:0_16:1,PCO 32:1(m)|PC O-16:0_16:1(m2)
PC O-32:1|PC O-16:1_16:0,PCO 32:1(m)|PC O-16:1_16:0(m2)
HexCer 37:4;O2|HexCer 18:1;O2/19:3,HexCer 37:4(O2)|HexCer 18:1(O2/19:3)
SM 34:1;O2,SM 34:1(O2)
PC 31:0|PC 15:0_16:0,PC 31:0(m)|PC 15:0_16:0(m2)
PC O-32:0|PC O-16:0_16:0,PCO 32:0(m)|PC O-16:0_16:0(m2)
DG 42:5,DG 42:5
SM 34:2;O2,SM 34:2(O2)
PE P-36:4|PE P-16:0_20:4,PEP 36:4(m)|PE P-16:0_20:4(m2)
SM 34:1;O2,SM 34:1(O2)
SM 34:1;O2,SM 34:1(O2)
PE P-36:3|PE P-18:1_18:2,PEP 36:3(m)|PE P-18:1_18:2(m2)
PE P-36:3|PE P-18:1_18:2,PEP 36:3(m)|PE P-18:1_18:2(m2)
SM 36:3;O2|SM 18:2;O2/18:1,SM 36:3(O2)|SM 18:2(O2/18:1)
PC 32:3,PC 32:3
PE P-36:2|PE P-18:0_18:2,PEP 36:2(m)|PE P-18:0_18:2(m2)
SM 36:2;O2|SM 18:2;O2/18:0,SM 36:2(O2)|SM 18:2(O2/18:0)
PC 32:2|PC 14:0_18:2,PC 32:2(m)|PC 14:0_18:2(m2)
PC 32:2,PC 32:2
PE P-36:1|PE P-18:0_18:1,PEP 36:1(m)|PE P-18:0_18:1(m2)
PC O-33:2|PC O-15:0_18:2,PCO 33:2(m)|PC O-15:0_18:2(m2)
Cer 47:7;O2|Cer 30:3;O2/17:4,Cer 47:7(O2)|Cer 30:3(O2/17:4)
SM 36:1;O2|SM 18:1;O2/18:0,SM 36:1(O2)|SM 18:1(O2/18:0)
PC 32:1|PC 16:0_16:1,PC 32:1(m)|PC 16:0_16:1(m2)
PC 32:1,PC 32:1
PE O-36:1,PEO 36:1
DG 43:6,DG 43:6
PC 32:0|PC 16:0_16:0,PC 32:0(m)|PC 16:0_16:0(m2)
PC 32:0|PC 16:0_16:0,PC 32:0(m)|PC 16:0_16:0(m2)
HexCer 34:0;O4|HexCer 18:0;O3/16:0(2OH),HexCer 34:0(O4)|HexCer 18:0(O3/16:0(2OH))
TG 42:2|TG 8:0_16:0_18:2,TG 42:2(m)|TG 8:0_16:0_18:2(m2)
PC O-34:5|PC O-14:1_20:4,PCO 34:5(m)|PC O-14:1_20:4(m2)
SM 36:2;O2(d9)|SM 18:1;O2/18:1(d9),SM 36:2(O2)(d9)|SM 18:1(O2/18:1(d9))
TG 42:1|TG 8:0_16:0_18:1,TG 42:1(m)|TG 8:0_16:0_18:1(m2)
PE 36:4|PE 16:0_20:4,PE 36:4(m)|PE 16:0_20:4(m2)
PE 36:4|PE 18:2_18:2,PE 36:4(m)|PE 18:2_18:2(m2)
PC O-34:4|PC O-14:0_20:4,PCO 34:4(m)|PC O-14:0_20:4(m2)
TG 42:0|TG 12:0_14:0_16:0,TG 42:0(m)|TG 12:0_14:0_16:0(m2)
PC 33:3|PC 18:0_15:3,PC 33:3(m)|PC 18:0_15:3(m2)
PC 33:3,PC 33:3
PC O-34:3,PCO 34:3
PC O-34:3|PC O-16:1_18:2,PCO 34:3(m)|PC O-16:1_18:2(m2)
CE 24:6,CE 24:6
PE 36:2|PE 18:0_18:2,PE 36:2(m)|PE 18:0_18:2(m2)
PC 33:2|PC 15:0_18:2,PC 33:2(m)|PC 15:0_18:2(m2)
PC O-34:2|PC O-16:1_18:1,PCO 34:2(m)|PC O-16:1_18:1(m2)
PC O-34:2|PC O-16:1_18:1,PCO 34:2(m)|PC O-16:1_18:1(m2)
PC O-34:2|PC O-16:0_18:2,PCO 34:2(m)|PC O-16:0_18:2(m2)
SM 37:1;O2|SM 18:1;O2/19:0,SM 37:1(O2)|SM 18:1(O2/19:0)
PE 36:1|PE 18:0_18:1,PE 36:1(m)|PE 18:0_18:1(m2)
PC 33:1|PC 16:0_17:1,PC 33:1(m)|PC 16:0_17:1(m2)
PC O-34:1|PC O-18:1_16:0,PCO 34:1(m)|PC O-18:1_16:0(m2)
PE P-38:6|PE P-16:0_22:6,PEP 38:6(m)|PE P-16:0_22:6(m2)
PC 33:0|PC 16:0_17:0,PC 33:0(m)|PC 16:0_17:0(m2)
PC 33:0,PC 33:0
PC O-34:0|PC O-18:0_16:0,PCO 34:0(m)|PC O-18:0_16:0(m2)
PE P-38:5|PE P-16:0_22:5,PEP 38:5(m)|PE P-16:0_22:5(m2)
PE P-38:5|PE P-18:1_20:4,PEP 38:5(m)|PE P-18:1_20:4(m2)
PC O-35:6,PCO 35:6
PC O-35:6|PC O-16:2_19:4,PCO 35:6(m)|PC O-16:2_19:4(m2)
PC 32:2,PC 32:2
PE P-38:4|PE P-18:0_20:4,PEP 38:4(m)|PE P-18:0_20:4(m2)
PC O-35:5,PCO 35:5
PE P-38:4|PE P-16:0_22:4,PEP 38:4(m)|PE P-16:0_22:4(m2)
PE O-38:5,PEO 38:5
SM 38:4;O2|SM 15:3;O2/23:1,SM 38:4(O2)|SM 15:3(O2/23:1)
PC 34:4|PC 14:0_20:4,PC 34:4(m)|PC 14:0_20:4(m2)
PC 34:4,PC 34:4
PC 34:4,PC 34:4
PE O-38:4,PEO 38:4
SM 37:3;O2,SM 37:3(O2)
SM 37:3;O2,SM 37:3(O2)
DG 45:9,DG 45:9
PC 32:0,PC 32:0
PC 34:3|PC 16:0_18:3,PC 34:3(m)|PC 16:0_18:3(m2)
PC 34:3|PC 16:1_18:2,PC 34:3(m)|PC 16:1_18:2(m2)
PC O-35:3|PC O-17:1_18:2,PCO 35:3(m)|PC O-17:1_18:2(m2)
PE P-38:2|PE P-20:0_18:2,PEP 38:2(m)|PE P-20:0_18:2(m2)
HexCer 37:2;O3|HexCer 16:1;O2/21:1;O,HexCer 37:2(O3)|HexCer 16:1(O2/21:1;O)
HexCer 38:1;O2|HexCer 18:1;O2/20:0,HexCer 38:1(O2)|HexCer 18:1(O2/20:0)
DG 45:8,DG 45:8
DG 45:8,DG 45:8
SM 38:2;O2|SM 18:2;O2/20:0,SM 38:2(O2)|SM 18:2(O2/20:0)
PC 34:2|PC 16:0_18:2,PC 34:2(m)|PC 16:0_18:2(m2)
PC 34:2|PC 16:0_18:2,PC 34:2(m)|PC 16:0_18:2(m2)
PC 34:2,PC 34:2
PC 34:2,PC 34:2
PC 34:2|PC 16:0_18:2,PC 34:2(m)|PC 16:0_18:2(m2)
PC 34:2|PC 16:0_18:2,PC 34:2(m)|PC 16:0_18:2(m2)
PC 34:2,PC 34:2
PC 34:2,PC 34:2
PC 34:2,PC 34:2
PC 34:2,PC 34:2
PC 34:2|PC 16:0_18:2,PC 34:2(m)|PC 16:0_18:2(m2)
PC 34:2,PC 34:2
PC 34:2|PC 16:0_18:2,PC 34:2(m)|PC 16:0_18:2(m2)
PC 34:2,PC 34:2
PC 34:2,PC 34:2
PC 34:2,PC 34:2
PC 34:2,PC 34:2
PC 34:2,PC 34:2
PC 34:2,PC 34:2
PC 34:2|PC 16:0_18:2,PC 34:2(m)|PC 16:0_18:2(m2)
PC 34:2|PC 16:0_18:2,PC 34:2(m)|PC 16:0_18:2(m2)
PC 34:2,PC 34:2
PC 34:2,PC 34:2
PC 34:2,PC 34:2
PC 34:2|PC 16:0_18:2,PC 34:2(m)|PC 16:0_18:2(m2)
PC 34:2,PC 34:2
PC 34:2|PC 16:0_18:2,PC 34:2(m)|PC 16:0_18:2(m2)
PC 34:2,PC 34:2
PC 34:2,PC 34:2
PC 34:2,PC 34:2
PC 34:2|PC 16:0_18:2,PC 34:2(m)|PC 16:0_18:2(m2)
PC 34:2,PC 34:2
PC 34:2,PC 34:2
PC 34:2,PC 34:2
PC 34:2|PC 16:0_18:2,PC 34:2(m)|PC 16:0_18:2(m2)
PC 34:2|PC 16:0_18:2,PC 34:2(m)|PC 16:0_18:2(m2)
PC 34:2,PC 34:2
PC 34:2,PC 34:2
PC 34:2|PC 16:0_18:2,PC 34:2(m)|PC 16:0_18:2(m2)
PC O-35:2|PC O-17:0_18:2,PCO 35:2(m)|PC O-17:0_18:2(m2)
SM 39:8;O2,SM 39:8(O2)
DG 45:7,DG 45:7
DG 45:7,DG 45:7
DG 45:7,DG 45:7
SM 38:1;O2|SM 18:1;O2/20:0,SM 38:1(O2)|SM 18:1(O2/20:0)
PC 35:8|PC 17:4_18:4,PC 35:8(m)|PC 17:4_18:4(m2)
PC 34:1,PC 34:1
PC 34:1|PC 16:0_18:1,PC 34:1(m)|PC 16:0_18:1(m2)
PC 34:1,PC 34:1
PC 34:1|PC 16:0_18:1,PC 34:1(m)|PC 16:0_18:1(m2)
PC 34:1,PC 34:1
PC 34:1|PC 16:0_18:1,PC 34:1(m)|PC 16:0_18:1(m2)
PC 34:1,PC 34:1
PC 34:1,PC 34:1
PC 34:1,PC 34:1
PC O-35:1|PC O-17:0_18:1,PCO 35:1(m)|PC O-17:0_18:1(m2)
SM 39:7;O2,SM 39:7(O2)
PC O-36:7,PCO 36:7
PC 34:0|PC 16:0_18:0,PC 34:0(m)|PC 16:0_18:0(m2)
TG 44:3|TG 8:0_18:1_18:2,TG 44:3(m)|TG 8:0_18:1_18:2(m2)
PE 38:6|PE 16:0_22:6,PE 38:6(m)|PE 16:0_22:6(m2)
PC 35:6|PC 15:1_20:5,PC 35:6(m)|PC 15:1_20:5(m2)
PG 34:2|PG 16:0_18:2,PG 34:2(m)|PG 16:0_18:2(m2)
PC O-36:6,PCO 36:6
TG 44:2|TG 10:0_16:0_18:2,TG 44:2(m)|TG 10:0_16:0_18:2(m2)
DG 45:4,DG 45:4
PE 38:5|PE 16:0_22:5,PE 38:5(m)|PE 16:0_22:5(m2)
PC O-36:5|PC O-16:1_20:4,PCO 36:5(m)|PC O-16:1_20:4(m2)
PC O-36:5|PC O-18:4_18:1,PCO 36:5(m)|PC O-18:4_18:1(m2)
PC O-36:5|PC O-16:1_20:4,PCO 36:5(m)|PC O-16:1_20:4(m2)
TG 44:1|TG 10:0_16:0_18:1,TG 44:1(m)|TG 10:0_16:0_18:1(m2)
DG 46:10,DG 46:10
DG 46:10,DG 46:10
DG 46:10,DG 46:10
PE 38:4,PE 38:4
PC 35:4,PC 35:4
PE 38:4|PE 18:0_20:4,PE 38:4(m)|PE 18:0_20:4(m2)
PC 35:4|PC 15:0_20:4,PC 35:4(m)|PC 15:0_20:4(m2)
PC O-36:4|PC O-15:2_21:2,PCO 36:4(m)|PC O-15:2_21:2(m2)
PC O-36:4|PC O-16:0_20:4,PCO 36:4(m)|PC O-16:0_20:4(m2)
TG 44:0|TG 14:0_14:0_16:0,TG 44:0(m)|TG 14:0_14:0_16:0(m2)
DG 46:9,DG 46:9
DG 46:9,DG 46:9
PC 35:3|PC 17:1_18:2,PC 35:3(m)|PC 17:1_18:2(m2)
PC O-36:3|PC O-16:0_20:3,PCO 36:3(m)|PC O-16:0_20:3(m2)
PC O-36:3|PC O-18:1_18:2,PCO 36:3(m)|PC O-18:1_18:2(m2)
PC O-36:3|PC O-18:1_18:2,PCO 36:3(m)|PC O-18:1_18:2(m2)
HexCer 39:1;O2|HexCer 17:1;O2/22:0,HexCer 39:1(O2)|HexCer 17:1(O2/22:0)
SM 39:2;O2|SM 17:1;O2/22:1,SM 39:2(O2)|SM 17:1(O2/22:1)
SM 39:2;O2,SM 39:2(O2)
PC O-37:9,PCO 37:9
PC O-37:9,PCO 37:9
PC O-37:9,PCO 37:9
PC O-37:9|PC O-18:4_19:5,PCO 37:9(m)|PC O-18:4_19:5(m2)
PC 35:2|PC 17:0_18:2,PC 35:2(m)|PC 17:0_18:2(m2)
PC O-36:2|PC O-18:0_18:2,PCO 36:2(m)|PC O-18:0_18:2(m2)
PC O-36:2|PC O-18:1_18:1,PCO 36:2(m)|PC O-18:1_18:1(m2)
SM 39:1;O2|SM 17:1;O2/22:0,SM 39:1(O2)|SM 17:1(O2/22:0)
PC O-37:8|PC O-18:3_19:5,PCO 37:8(m)|PC O-18:3_19:5(m2)
PC O-37:8,PCO 37:8
PC O-37:8|PC O-18:4_19:4,PCO 37:8(m)|PC O-18:4_19:4(m2)
PC O-37:8,PCO 37:8
PC 35:1|PC 17:0_18:1,PC 35:1(m)|PC 17:0_18:1(m2)
PC O-36:1|PC O-18:0_18:1,PCO 36:1(m)|PC O-18:0_18:1(m2)
PC O-36:1|PC O-18:0_18:1,PCO 36:1(m)|PC O-18:0_18:1(m2)
SM 40:7;O2,SM 40:7(O2)
SM 38:4;O2,SM 38:4(O2)
SM 39:0;O2|SM 24:0;O2/15:0,SM 39:0(O2)|SM 24:0(O2/15:0)
PE P-40:6|PE P-18:0_22:6,PEP 40:6(m)|PE P-18:0_22:6(m2)
PE O-40:7,PEO 40:7
PC O-37:7|PC O-16:2_21:5,PCO 37:7(m)|PC O-16:2_21:5(m2)
PC O-37:7|PC O-18:3_19:4,PCO 37:7(m)|PC O-18:3_19:4(m2)
PC O-37:7,PCO 37:7
PC 35:0|PC 17:0_18:0,PC 35:0(m)|PC 17:0_18:0(m2)
PC 35:0|PC 17:0_18:0,PC 35:0(m)|PC 17:0_18:0(m2)
PC O-36:0|PC O-20:0_16:0,PCO 36:0(m)|PC O-20:0_16:0(m2)
DG 47:12,DG 47:12
PC 34:3,PC 34:3
PC 34:3,PC 34:3
PC 36:6,PC 36:6
PC 36:6|PC 14:0_22:6,PC 36:6(m)|PC 14:0_22:6(m2)
PE P-40:5|PE P-18:0_22:5,PEP 40:5(m)|PE P-18:0_22:5(m2)
PE P-40:5|PE P-18:0_22:5,PEP 40:5(m)|PE P-18:0_22:5(m2)
DG 47:11,DG 47:11
DG 47:11,DG 47:11
DG 47:11,DG 47:11
PC 34:2,PC 34:2
PC 34:2,PC 34:2
PC 34:2,PC 34:2
PC 34:2,PC 34:2
PC 34:2,PC 34:2
PC 36:5|PC 16:0_20:5,PC 36:5(m)|PC 16:0_20:5(m2)
PC 36:5|PC 18:2_18:3,PC 36:5(m)|PC 18:2_18:3(m2)
PC 36:5|PC 16:1_20:4,PC 36:5(m)|PC 16:1_20:4(m2)
PE P-40:4|PE P-18:0_22:4,PEP 40:4(m)|PE P-18:0_22:4(m2)
PC O-37:5,PCO 37:5
PE P-40:4|PE P-20:0_20:4,PEP 40:4(m)|PE P-20:0_20:4(m2)
PC O-37:5|PC O-16:2_21:3,PCO 37:5(m)|PC O-16:2_21:3(m2)
DG 47:10,DG 47:10
DG 47:10,DG 47:10
SM 39:4;O2,SM 39:4(O2)
PC 36:4|PC 15:1_21:3,PC 36:4(m)|PC 15:1_21:3(m2)
PC 36:4|PC 16:0_20:4,PC 36:4(m)|PC 16:0_20:4(m2)
PC 36:4|PC 16:0_20:4,PC 36:4(m)|PC 16:0_20:4(m2)
PC 36:4|PC 16:0_20:4,PC 36:4(m)|PC 16:0_20:4(m2)
PC 36:4|PC 18:2_18:2,PC 36:4(m)|PC 18:2_18:2(m2)
PC 36:4|PC 16:0_20:4,PC 36:4(m)|PC 16:0_20:4(m2)
PC 36:4,PC 36:4
PC 36:4|PC 15:1_21:3,PC 36:4(m)|PC 15:1_21:3(m2)
PC 36:4,PC 36:4
PC 36:4,PC 36:4
PC 36:4,PC 36:4
PC 36:4,PC 36:4
PC 36:4,PC 36:4
PC 36:4,PC 36:4
PC 36:4|PC 16:0_20:4,PC 36:4(m)|PC 16:0_20:4(m2)
PC 36:4,PC 36:4
PC 36:4,PC 36:4
PC 36:4,PC 36:4
PC 36:4,PC 36:4
PC 36:4,PC 36:4
PC 36:4,PC 36:4
PC O-37:4|PC O-17:0_20:4,PCO 37:4(m)|PC O-17:0_20:4(m2)
PC O-37:4|PC O-17:0_20:4,PCO 37:4(m)|PC O-17:0_20:4(m2)
DG 47:9,DG 47:9
DG 47:9,DG 47:9
PC 34:0,PC 34:0
PC 36:3|PC 18:1_18:2,PC 36:3(m)|PC 18:1_18:2(m2)
PC 36:3|PC 18:1_18:2,PC 36:3(m)|PC 18:1_18:2(m2)
PC 36:3,PC 36:3
HexCer 40:1;O2|HexCer 18:1;O2/22:0,HexCer 40:1(O2)|HexCer 18:1(O2/22:0)
SM 41:9;O2,SM 41:9(O2)
DG 47:8,DG 47:8
SM 40:2;O2|SM 18:2;O2/22:0,SM 40:2(O2)|SM 18:2(O2/22:0)
SM 40:2;O2|SM 18:1;O2/22:1,SM 40:2(O2)|SM 18:1(O2/22:1)
SM 40:2;O2|SM 18:1;O2/22:1,SM 40:2(O2)|SM 18:1(O2/22:1)
PC 36:2,PC 36:2
PC 36:2,PC 36:2
PC 36:2|PC 18:0_18:2,PC 36:2(m)|PC 18:0_18:2(m2)
PC 36:2|PC 18:0_18:2,PC 36:2(m)|PC 18:0_18:2(m2)
PC 36:2,PC 36:2
PC 36:2|PC 18:0_18:2,PC 36:2(m)|PC 18:0_18:2(m2)
PC 36:2,PC 36:2
PC 36:2|PC 18:0_18:2,PC 36:2(m)|PC 18:0_18:2(m2)
PC 36:2,PC 36:2
PC 36:2|PC 18:0_18:2,PC 36:2(m)|PC 18:0_18:2(m2)
PC 36:2,PC 36:2
PC 36:2|PC 18:0_18:2,PC 36:2(m)|PC 18:0_18:2(m2)
PC 36:2|PC 18:0_18:2,PC 36:2(m)|PC 18:0_18:2(m2)
PC 36:2|PC 18:0_18:2,PC 36:2(m)|PC 18:0_18:2(m2)
PC 36:2,PC 36:2
PC 36:2|PC 18:0_18:2,PC 36:2(m)|PC 18:0_18:2(m2)
PC 36:2|PC 18:0_18:2,PC 36:2(m)|PC 18:0_18:2(m2)
PC 36:2,PC 36:2
PC 36:2,PC 36:2
PC 36:2,PC 36:2
PC 36:2|PC 18:0_18:2,PC 36:2(m)|PC 18:0_18:2(m2)
PC 36:2,PC 36:2
PC 36:2,PC 36:2
PC 36:2|PC 18:0_18:2,PC 36:2(m)|PC 18:0_18:2(m2)
PC 36:2|PC 18:0_18:2,PC 36:2(m)|PC 18:0_18:2(m2)
PC 36:2,PC 36:2
PC 36:2,PC 36:2
PC 36:2,PC 36:2
PC 36:2,PC 36:2
PC 36:2|PC 18:0_18:2,PC 36:2(m)|PC 18:0_18:2(m2)
PC 36:2,PC 36:2
PC 36:2,PC 36:2
PC 36:2,PC 36:2
PC 36:2|PC 18:0_18:2,PC 36:2(m)|PC 18:0_18:2(m2)
PC 36:2,PC 36:2
PC 36:2,PC 36:2
PC 36:2,PC 36:2
PC O-37:2|PC O-19:0_18:2,PCO 37:2(m)|PC O-19:0_18:2(m2)
DG 47:7,DG 47:7
DG 47:7,DG 47:7
SM 40:1;O2|SM 18:1;O2/22:0,SM 40:1(O2)|SM 18:1(O2/22:0)
SM 40:1;O2|SM 18:1;O2/22:0,SM 40:1(O2)|SM 18:1(O2/22:0)
SM 40:1;O2|SM 18:1;O2/22:0,SM 40:1(O2)|SM 18:1(O2/22:0)
PE 40:8|PE 20:4_20:4,PE 40:8(m)|PE 20:4_20:4(m2)
PC O-38:8,PCO 38:8
PC 36:1|PC 18:0_18:1,PC 36:1(m)|PC 18:0_18:1(m2)
PC O-37:1,PCO 37:1
TG 46:4|TG 10:0_18:1_18:3,TG 46:4(m)|TG 10:0_18:1_18:3(m2)
DG 47:6,DG 47:6
SM 39:1;O2,SM 39:1(O2)
DG 47:6,DG 47:6
SM 40:0;O2,SM 40:0(O2)
PC O-38:7|PC O-16:2_22:5,PCO 38:7(m)|PC O-16:2_22:5(m2)
PC O-38:7|PC O-16:1_22:6,PCO 38:7(m)|PC O-16:1_22:6(m2)
PC O-38:7|PC O-18:4_20:3,PCO 38:7(m)|PC O-18:4_20:3(m2)
PC 36:0|PC 18:0_18:0,PC 36:0(m)|PC 18:0_18:0(m2)
TG 46:3|TG 10:0_18:1_18:2,TG 46:3(m)|TG 10:0_18:1_18:2(m2)
DG 48:12,DG 48:12
SM 41:6;O2,SM 41:6(O2)
DG 47:5,DG 47:5
PE 40:6|PE 18:0_22:6,PE 40:6(m)|PE 18:0_22:6(m2)
PC 37:6|PC 15:0_22:6,PC 37:6(m)|PC 15:0_22:6(m2)
PC O-38:6|PC O-16:0_22:6,PCO 38:6(m)|PC O-16:0_22:6(m2)
PC O-38:6|PC O-18:2_20:4,PCO 38:6(m)|PC O-18:2_20:4(m2)
TG 46:2|TG 12:0_16:0_18:2,TG 46:2(m)|TG 12:0_16:0_18:2(m2)
DG 48:11,DG 48:11
DG 48:11,DG 48:11
DG 48:11,DG 48:11
PC 37:5,PC 37:5
PC 37:5|PC 17:1_20:4,PC 37:5(m)|PC 17:1_20:4(m2)
PC O-38:5|PC O-18:1_20:4,PCO 38:5(m)|PC O-18:1_20:4(m2)
PC O-38:5|PC O-18:1_20:4,PCO 38:5(m)|PC O-18:1_20:4(m2)
TG 46:1|TG 12:0_16:0_18:1,TG 46:1(m)|TG 12:0_16:0_18:1(m2)
TG 46:1|TG 14:0_16:0_16:1,TG 46:1(m)|TG 14:0_16:0_16:1(m2)
DG 48:10,DG 48:10
TG 46:3|TG 10:0_18:1_18:2,TG 46:3(m)|TG 10:0_18:1_18:2(m2)
PC 37:4,PC 37:4
PC 37:4|PC 17:0_20:4,PC 37:4(m)|PC 17:0_20:4(m2)
PC O-38:4|PC O-18:0_20:4,PCO 38:4(m)|PC O-18:0_20:4(m2)
PC O-38:4|PC O-16:0_22:4,PCO 38:4(m)|PC O-16:0_22:4(m2)
TG 46:0|TG 14:0_16:0_16:0,TG 46:0(m)|TG 14:0_16:0_16:0(m2)
DG 48:9,DG 48:9
SM 41:3;O2,SM 41:3(O2)
PC O-39:10,PCO 39:10
PC O-39:10,PCO 39:10
PC O-39:10,PCO 39:10
PC O-39:10,PCO 39:10
PC 37:3|PC 19:1_18:2,PC 37:3(m)|PC 19:1_18:2(m2)
PC 37:3,PC 37:3
PC O-38:3|PC O-18:0_20:3,PCO 38:3(m)|PC O-18:0_20:3(m2)
HexCer 41:1;O2|HexCer 18:1;O2/23:0,HexCer 41:1(O2)|HexCer 18:1(O2/23:0)
SM 42:9;O2,SM 42:9(O2)
DG 48:8,DG 48:8
SM 41:2;O2|SM 17:1;O2/24:1,SM 41:2(O2)|SM 17:1(O2/24:1)
PC O-39:9,PCO 39:9
PC O-39:9,PCO 39:9
PC O-39:9,PCO 39:9
PC 37:2|PC 19:0_18:2,PC 37:2(m)|PC 19:0_18:2(m2)
PC O-38:2|PC O-20:0_18:2,PCO 38:2(m)|PC O-20:0_18:2(m2)
SM 41:9;O2,SM 41:9(O2)
SM 41:1;O2|SM 18:1;O2/23:0,SM 41:1(O2)|SM 18:1(O2/23:0)
PC 36:5,PC 36:5
PC 36:5,PC 36:5
PC 36:5,PC 36:5
PC O-39:8|PC O-18:4_21:4,PCO 39:8(m)|PC O-18:4_21:4(m2)
PC O-39:8,PCO 39:8
PC 37:1|PC 19:0_18:1,PC 37:1(m)|PC 19:0_18:1(m2)
PC O-38:1|PC O-20:0_18:1,PCO 38:1(m)|PC O-20:0_18:1(m2)
PC O-38:1|PC O-20:0_18:1,PCO 38:1(m)|PC O-20:0_18:1(m2)
SM 42:7;O2,SM 42:7(O2)
DG 48:6,DG 48:6
PC 36:4,PC 36:4
PC 36:4,PC 36:4
PC 38:7|PC 18:2_20:5,PC 38:7(m)|PC 18:2_20:5(m2)
PC 38:7|PC 18:3_20:4,PC 38:7(m)|PC 18:3_20:4(m2)
PC 38:7|PC 16:1_22:6,PC 38:7(m)|PC 16:1_22:6(m2)
PE P-42:6|PE P-20:0_22:6,PEP 42:6(m)|PE P-20:0_22:6(m2)
PC O-39:7|PC O-18:3_21:4,PCO 39:7(m)|PC O-18:3_21:4(m2)
PC O-39:7|PC O-18:3_21:4,PCO 39:7(m)|PC O-18:3_21:4(m2)
PC O-38:0,PCO 38:0
DG 49:12,DG 49:12
DG 49:12,DG 49:12
DG 49:12,DG 49:12
PC 38:6|PC 16:0_22:6,PC 38:6(m)|PC 16:0_22:6(m2)
PC 38:6|PC 16:0_22:6,PC 38:6(m)|PC 16:0_22:6(m2)
PC 38:6|PC 18:2_20:4,PC 38:6(m)|PC 18:2_20:4(m2)
PC 38:6,PC 38:6
PC 38:6,PC 38:6
PC 38:6,PC 38:6
PC 38:6,PC 38:6
PC 38:6,PC 38:6
PC 38:6,PC 38:6
PC 36:3,PC 36:3
PC 38:6,PC 38:6
PC 38:6|PC 16:0_22:6,PC 38:6(m)|PC 16:0_22:6(m2)
PC 38:6,PC 38:6
PC 38:6,PC 38:6
PC 38:6,PC 38:6
PC 38:6,PC 38:6
PC 38:6,PC 38:6
PC O-39:6|PC O-17:0_22:6,PCO 39:6(m)|PC O-17:0_22:6(m2)
TG 47:2|TG 14:0_15:0_18:2,TG 47:2(m)|TG 14:0_15:0_18:2(m2)
DG 49:11,DG 49:11
DG 49:11,DG 49:11
SM 42:5;O2|SM 18:1;O2/24:4,SM 42:5(O2)|SM 18:1(O2/24:4)
PS 38:6,PS 38:6
PC 36:2,PC 36:2
PC 38:5|PC 16:0_22:5,PC 38:5(m)|PC 16:0_22:5(m2)
PC 38:5|PC 18:1_20:4,PC 38:5(m)|PC 18:1_20:4(m2)
PC O-39:5,PCO 39:5
PE P-42:4|PE P-20:0_22:4,PEP 42:4(m)|PE P-20:0_22:4(m2)
PE P-42:4|PE P-22:0_20:4,PEP 42:4(m)|PE P-22:0_20:4(m2)
TG 47:1|TG 15:0_16:0_16:1,TG 47:1(m)|TG 15:0_16:0_16:1(m2)
DG 49:10,DG 49:10
DG 49:10,DG 49:10
DG 49:10,DG 49:10
SM 40:1;O2,SM 40:1(O2)
SM 42:4;O2|SM 26:2;O2/16:2,SM 42:4(O2)|SM 26:2(O2/16:2)
SM 42:4;O2,SM 42:4(O2)
PC O-40:11,PCO 40:11
PC O-40:11,PCO 40:11
PC 38:4,PC 38:4
PC 38:4,PC 38:4
PC 38:4,PC 38:4
PC 38:4,PC 38:4
PC 38:4,PC 38:4
PC 38:4,PC 38:4
PC 36:1,PC 36:1
PE 41:4,PE 41:4
PE 41:4,PE 41:4
PC 38:4,PC 38:4
PE 41:4,PE 41:4
PC 38:4,PC 38:4
PC 38:4|PC 18:0_20:4,PC 38:4(m)|PC 18:0_20:4(m2)
PC 38:4|PC 18:0_20:4,PC 38:4(m)|PC 18:0_20:4(m2)
PC 38:4,PC 38:4
PC 38:4|PC 18:0_20:4,PC 38:4(m)|PC 18:0_20:4(m2)
PC 38:4,PC 38:4
PC 36:1,PC 36:1
PC 38:4|PC 18:0_20:4,PC 38:4(m)|PC 18:0_20:4(m2)
PC 38:4|PC 18:1_20:3,PC 38:4(m)|PC 18:1_20:3(m2)
PC 38:4|PC 16:0_22:4,PC 38:4(m)|PC 16:0_22:4(m2)
PC 38:4|PC 18:0_20:4,PC 38:4(m)|PC 18:0_20:4(m2)
PC 38:4|PC 18:1_20:3,PC 38:4(m)|PC 18:1_20:3(m2)
PC 38:4,PC 38:4
PC O-39:4|PC O-19:0_20:4,PCO 39:4(m)|PC O-19:0_20:4(m2)
PC O-39:4|PC O-19:0_20:4,PCO 39:4(m)|PC O-19:0_20:4(m2)
PC O-39:4|PC O-19:0_20:4,PCO 39:4(m)|PC O-19:0_20:4(m2)
HexCer 42:2;O2|HexCer 18:1;O2/24:1,HexCer 42:2(O2)|HexCer 18:1(O2/24:1)
TG 47:0|TG 14:0_16:0_17:0,TG 47:0(m)|TG 14:0_16:0_17:0(m2)
DG 49:9,DG 49:9
DG 49:9,DG 49:9
SM 42:3;O2|SM 18:1;O2/24:2,SM 42:3(O2)|SM 18:1(O2/24:2)
SM 42:3;O2,SM 42:3(O2)
PE 42:10,PE 42:10
PC O-40:10|PC O-18:4_22:6,PCO 40:10(m)|PC O-18:4_22:6(m2)
PS 38:4,PS 38:4
PS 38:4,PS 38:4
PC 38:3,PC 38:3
PC 38:3,PC 38:3
PC 38:3|PC 18:0_20:3,PC 38:3(m)|PC 18:0_20:3(m2)
PC 38:3,PC 38:3
PC O-39:3|PC O-15:2_24:1,PCO 39:3(m)|PC O-15:2_24:1(m2)
HexCer 42:1;O2|HexCer 18:1;O2/24:0,HexCer 42:1(O2)|HexCer 18:1(O2/24:0)
SM 42:2;O2|SM 18:1;O2/24:1,SM 42:2(O2)|SM 18:1(O2/24:1)
SM 42:2;O2|SM 18:1;O2/24:1,SM 42:2(O2)|SM 18:1(O2/24:1)
SM 42:2;O2|SM 18:1;O2/24:1,SM 42:2(O2)|SM 18:1(O2/24:1)
SM 42:2;O2,SM 42:2(O2)
PC 38:2|PC 18:0_20:2,PC 38:2(m)|PC 18:0_20:2(m2)
PC 38:2,PC 38:2
PC O-39:2,PCO 39:2
TG 48:5|TG 12:0_18:2_18:3,TG 48:5(m)|TG 12:0_18:2_18:3(m2)
PC O-39:2,PCO 39:2
TG 48:5|TG 12:0_18:2_18:3,TG 48:5(m)|TG 12:0_18:2_18:3(m2)
SM 42:1;O2|SM 18:1;O2/24:0,SM 42:1(O2)|SM 18:1(O2/24:0)
PC O-40:8|PC O-18:2_22:6,PCO 40:8(m)|PC O-18:2_22:6(m2)
PC O-40:8|PC O-18:2_22:6,PCO 40:8(m)|PC O-18:2_22:6(m2)
PC O-40:8|PC O-18:2_22:6,PCO 40:8(m)|PC O-18:2_22:6(m2)
PC O-40:8|PC O-18:2_22:6,PCO 40:8(m)|PC O-18:2_22:6(m2)
PC 38:1|PC 18:0_20:1,PC 38:1(m)|PC 18:0_20:1(m2)
PC O-39:1|PC O-19:0_20:1,PCO 39:1(m)|PC O-19:0_20:1(m2)
TG 48:4|TG 12:0_18:1_18:3,TG 48:4(m)|TG 12:0_18:1_18:3(m2)
DG 50:13,DG 50:13
DG 50:13,DG 50:13
PC 39:7|PC 17:1_22:6,PC 39:7(m)|PC 17:1_22:6(m2)
PC O-40:7,PCO 40:7
PC O-40:7|PC O-18:2_22:5,PCO 40:7(m)|PC O-18:2_22:5(m2)
PC O-40:7|PC O-18:1_22:6,PCO 40:7(m)|PC O-18:1_22:6(m2)
PC O-40:7|PC O-18:1_22:6,PCO 40:7(m)|PC O-18:1_22:6(m2)
TG 48:3|TG 14:0_16:1_18:2,TG 48:3(m)|TG 14:0_16:1_18:2(m2)
DG 50:12,DG 50:12
PC 39:6|PC 17:0_22:6,PC 39:6(m)|PC 17:0_22:6(m2)
PC 39:6|PC 17:0_22:6,PC 39:6(m)|PC 17:0_22:6(m2)
PC O-40:6|PC O-18:0_22:6,PCO 40:6(m)|PC O-18:0_22:6(m2)
PC O-40:6|PC O-18:1_22:5,PCO 40:6(m)|PC O-18:1_22:5(m2)
PC O-40:6|PC O-18:0_22:6,PCO 40:6(m)|PC O-18:0_22:6(m2)
TG 48:2|TG 14:0_16:1_18:1,TG 48:2(m)|TG 14:0_16:1_18:1(m2)
TG 48:2|TG 14:0_16:1_18:1,TG 48:2(m)|TG 14:0_16:1_18:1(m2)
DG 50:11,DG 50:11
PC 39:5|PC 19:1_20:4,PC 39:5(m)|PC 19:1_20:4(m2)
PC 39:5,PC 39:5
PC O-40:5|PC O-18:0_22:5,PCO 40:5(m)|PC O-18:0_22:5(m2)
PC O-40:5|PC O-20:1_20:4,PCO 40:5(m)|PC O-20:1_20:4(m2)
PC O-40:5|PC O-18:0_22:5,PCO 40:5(m)|PC O-18:0_22:5(m2)
PC O-40:5|PC O-18:1_22:4,PCO 40:5(m)|PC O-18:1_22:4(m2)
TG 48:1|TG 14:0_16:0_18:1,TG 48:1(m)|TG 14:0_16:0_18:1(m2)
SM 41:1;O2,SM 41:1(O2)
PC O-41:11,PCO 41:11
PC O-41:11,PCO 41:11
PC 39:4|PC 19:0_20:4,PC 39:4(m)|PC 19:0_20:4(m2)
PC O-40:4|PC O-16:0_24:4,PCO 40:4(m)|PC O-16:0_24:4(m2)
PC O-40:4|PC O-18:0_22:4,PCO 40:4(m)|PC O-18:0_22:4(m2)
PC O-40:4|PC O-20:0_20:4,PCO 40:4(m)|PC O-20:0_20:4(m2)
TG 48:0|TG 14:0_16:0_18:0,TG 48:0(m)|TG 14:0_16:0_18:0(m2)
TG 48:0|TG 14:0_16:0_18:0,TG 48:0(m)|TG 14:0_16:0_18:0(m2)
DG 50:9,DG 50:9
SM 42:3;O2,SM 42:3(O2)
PI 32:1,PI 32:1
PC 38:7,PC 38:7
PC O-41:10|PC O-20:5_21:5,PCO 41:10(m)|PC O-20:5_21:5(m2)
PC O-41:10,PCO 41:10
PC O-41:10,PCO 41:10
PC 39:3,PC 39:3
PC 39:3|PC 19:0_20:3,PC 39:3(m)|PC 19:0_20:3(m2)
PC O-40:3|PC O-20:0_20:3,PCO 40:3(m)|PC O-20:0_20:3(m2)
PC O-40:3|PC O-22:1_18:2,PCO 40:3(m)|PC O-22:1_18:2(m2)
SM 43:2;O2|SM 18:1;O2/25:1,SM 43:2(O2)|SM 18:1(O2/25:1)
PC 38:6,PC 38:6
PC 38:6,PC 38:6
PC 38:6,PC 38:6
PC 40:9|PC 18:3_22:6,PC 40:9(m)|PC 18:3_22:6(m2)
PC O-41:9,PCO 41:9
HexCer 41:2;O4|HexCer 17:2;O3/24:0(2OH),HexCer 41:2(O4)|HexCer 17:2(O3/24:0(2OH))
PC O-40:2|PC O-22:0_18:2,PCO 40:2(m)|PC O-22:0_18:2(m2)
PC O-40:2|PC O-22:1_18:1,PCO 40:2(m)|PC O-22:1_18:1(m2)
DG 51:14,DG 51:14
DG 51:14,DG 51:14
DG 51:14,DG 51:14
DG 51:14,DG 51:14
SM 43:1;O2|SM 14:0;O2/29:1,SM 43:1(O2)|SM 14:0(O2/29:1)
TG 48:1(d7)|TG 15:0_18:1(d7)_15:0,TG 48:1(d7)|TG 15:0_18:1(d7)_15:0
PC 40:8|PC 20:4_20:4,PC 40:8(m)|PC 20:4_20:4(m2)
PC 38:5,PC 38:5
PC O-40:1|PC O-22:0_18:1,PCO 40:1(m)|PC O-22:0_18:1(m2)
TG 49:4|TG 16:0_15:2_18:2,TG 49:4(m)|TG 16:0_15:2_18:2(m2)
DG 50:6,DG 50:6
PS 40:8,PS 40:8
PC 38:4,PC 38:4
PC 40:7|PC 18:1_22:6,PC 40:7(m)|PC 18:1_22:6(m2)
PC 38:4,PC 38:4
PC 40:7|PC 20:3_20:4,PC 40:7(m)|PC 20:3_20:4(m2)
TG 49:3|TG 15:0_16:1_18:2,TG 49:3(m)|TG 15:0_16:1_18:2(m2)
PS 40:7,PS 40:7
PC 40:6,PC 40:6
PC 40:6|PC 18:1_22:5,PC 40:6(m)|PC 18:1_22:5(m2)
PC 40:6|PC 18:0_22:6,PC 40:6(m)|PC 18:0_22:6(m2)
PC 40:6|PC 18:0_22:6,PC 40:6(m)|PC 18:0_22:6(m2)
PC 40:6|PC 16:0_24:6,PC 40:6(m)|PC 16:0_24:6(m2)
PC 40:6,PC 40:6
PE P-44:5|PE P-24:1_20:4,PEP 44:5(m)|PE P-24:1_20:4(m2)
TG 49:2|TG 15:0_16:0_18:2,TG 49:2(m)|TG 15:0_16:0_18:2(m2)
DG 51:11,DG 51:11
DG 51:11,DG 51:11
SM 42:2;O2,SM 42:2(O2)
PS 40:6,PS 40:6
PC 38:2,PC 38:2
PC 40:5,PC 40:5
PC 40:5,PC 40:5
PC 40:5|PC 18:0_22:5,PC 40:5(m)|PC 18:0_22:5(m2)
PC 40:5|PC 18:0_22:5,PC 40:5(m)|PC 18:0_22:5(m2)
TG 48:2;O|TG 16:0_18:1_14:1;O,TG 48:2(O)|TG 16:0_18:1_14:1(O)
TG 49:1|TG 15:0_16:0_18:1,TG 49:1(m)|TG 15:0_16:0_18:1(m2)
SM 42:1;O2,SM 42:1(O2)
PC O-42:11,PCO 42:11
PC 40:4|PC 18:0_22:4,PC 40:4(m)|PC 18:0_22:4(m2)
PC 40:4|PC 20:0_20:4,PC 40:4(m)|PC 20:0_20:4(m2)
PC O-41:4|PC O-21:0_20:4,PCO 41:4(m)|PC O-21:0_20:4(m2)
TG 50:7|TG 16:1_18:2_16:4,TG 50:7(m)|TG 16:1_18:2_16:4(m2)
PC 40:3|PC 16:0_24:3,PC 40:3(m)|PC 16:0_24:3(m2)
PC O-42:10|PC O-18:4_24:6,PCO 42:10(m)|PC O-18:4_24:6(m2)
PC 40:3|PC 20:0_20:3,PC 40:3(m)|PC 20:0_20:3(m2)
PC 40:3|PC 22:1_18:2,PC 40:3(m)|PC 22:1_18:2(m2)
TG 50:6|TG 14:0_18:2_18:4,TG 50:6(m)|TG 14:0_18:2_18:4(m2)
TG 50:6|TG 14:1_18:2_18:3,TG 50:6(m)|TG 14:1_18:2_18:3(m2)
TG 50:6|TG 14:0_18:2_18:4,TG 50:6(m)|TG 14:0_18:2_18:4(m2)
TG 50:6|TG 16:0_18:2_16:4,TG 50:6(m)|TG 16:0_18:2_16:4(m2)
TG 50:6|TG 16:1_18:2_16:3,TG 50:6(m)|TG 16:1_18:2_16:3(m2)
PC 40:2|PC 22:0_18:2,PC 40:2(m)|PC 22:0_18:2(m2)
PC 40:2|PC 18:1_22:1,PC 40:2(m)|PC 18:1_22:1(m2)
TG 50:5|TG 14:0_18:2_18:3,TG 50:5(m)|TG 14:0_18:2_18:3(m2)
TG 50:5|TG 16:0_18:2_16:3,TG 50:5(m)|TG 16:0_18:2_16:3(m2)
TG 50:5|TG 14:0_18:2_18:3,TG 50:5(m)|TG 14:0_18:2_18:3(m2)
PC O-42:8|PC O-18:4_24:4,PCO 42:8(m)|PC O-18:4_24:4(m2)
PC O-42:8|PC O-18:4_24:4,PCO 42:8(m)|PC O-18:4_24:4(m2)
PC 40:1|PC 22:0_18:1,PC 40:1(m)|PC 22:0_18:1(m2)
TG 50:4|TG 16:0_16:1_18:3,TG 50:4(m)|TG 16:0_16:1_18:3(m2)
DG 52:13,DG 52:13
PC O-42:7|PC O-20:1_22:6,PCO 42:7(m)|PC O-20:1_22:6(m2)
PC O-42:7|PC O-20:1_22:6,PCO 42:7(m)|PC O-20:1_22:6(m2)
PC O-42:7|PC O-20:1_22:6,PCO 42:7(m)|PC O-20:1_22:6(m2)
PC 40:0,PC 40:0
TG 50:3|TG 16:0_16:1_18:2,TG 50:3(m)|TG 16:0_16:1_18:2(m2)
PC 41:6|PC 19:0_22:6,PC 41:6(m)|PC 19:0_22:6(m2)
PC O-42:6|PC O-20:0_22:6,PCO 42:6(m)|PC O-20:0_22:6(m2)
PC O-42:6|PC O-20:0_22:6,PCO 42:6(m)|PC O-20:0_22:6(m2)
PC O-42:6|PC O-22:2_20:4,PCO 42:6(m)|PC O-22:2_20:4(m2)
TG 50:2|TG 16:0_16:1_18:1,TG 50:2(m)|TG 16:0_16:1_18:1(m2)
TG 50:2|TG 16:0_16:1_18:1,TG 50:2(m)|TG 16:0_16:1_18:1(m2)
TG 50:2|TG 16:0_16:1_18:1,TG 50:2(m)|TG 16:0_16:1_18:1(m2)
TG 50:2|TG 16:0_16:1_18:1,TG 50:2(m)|TG 16:0_16:1_18:1(m2)
TG 50:2|TG 16:0_16:1_18:1,TG 50:2(m)|TG 16:0_16:1_18:1(m2)
DG 52:11,DG 52:11
TG 50:4|TG 14:0_18:2_18:2,TG 50:4(m)|TG 14:0_18:2_18:2(m2)
PC O-42:5|PC O-22:1_20:4,PCO 42:5(m)|PC O-22:1_20:4(m2)
TG 49:2;O|TG 16:0_18:1_15:1;O,TG 49:2(O)|TG 16:0_18:1_15:1(O)
TG 50:1|TG 16:0_16:0_18:1,TG 50:1(m)|TG 16:0_16:0_18:1(m2)
DG 52:10,DG 52:10
PI 34:2,PI 34:2
PC 42:11,PC 42:11
PI-Cer 40:7;O2,PICer 40:7(O2)
PI 34:2,PI 34:2
PC O-42:4|PC O-22:0_20:4,PCO 42:4(m)|PC O-22:0_20:4(m2)
PC O-42:4|PC O-20:0_22:4,PCO 42:4(m)|PC O-20:0_22:4(m2)
PC O-42:4|PC O-24:2_18:2,PCO 42:4(m)|PC O-24:2_18:2(m2)
PC 42:10|PC 20:4_22:6,PC 42:10(m)|PC 20:4_22:6(m2)
PI 34:1,PI 34:1
PC O-43:10,PCO 43:10
PC O-42:3|PC O-22:0_20:3,PCO 42:3(m)|PC O-22:0_20:3(m2)
PC O-42:3|PC O-24:1_18:2,PCO 42:3(m)|PC O-24:1_18:2(m2)
TG 51:6|TG 16:0_15:2_20:4,TG 51:6(m)|TG 16:0_15:2_20:4(m2)
TG 51:6|TG 15:2_18:2_18:2,TG 51:6(m)|TG 15:2_18:2_18:2(m2)
PS 42:10,PS 42:10
PC 40:6,PC 40:6
PC 42:9|PC 20:3_22:6,PC 42:9(m)|PC 20:3_22:6(m2)
PC 42:9|PC 20:4_22:5,PC 42:9(m)|PC 20:4_22:5(m2)
PC O-43:9,PCO 43:9
PC O-42:2|PC O-24:0_18:2,PCO 42:2(m)|PC O-24:0_18:2(m2)
PC O-42:2|PC O-24:1_18:1,PCO 42:2(m)|PC O-24:1_18:1(m2)
TG 51:5|TG 15:0_18:2_18:3,TG 51:5(m)|TG 15:0_18:2_18:3(m2)
PC 42:8|PC 20:2_22:6,PC 42:8(m)|PC 20:2_22:6(m2)
PC O-42:1|PC O-24:0_18:1,PCO 42:1(m)|PC O-24:0_18:1(m2)
TG 51:4|TG 15:0_18:2_18:2,TG 51:4(m)|TG 15:0_18:2_18:2(m2)
Hex2Cer 34:2;O2|Hex2Cer 18:2;O2/16:0,Hex2Cer 34:2(O2)|Hex2Cer 18:2(O2/16:0)
PC 42:7|PC 20:1_22:6,PC 42:7(m)|PC 20:1_22:6(m2)
PC 42:7|PC 18:1_24:6,PC 42:7(m)|PC 18:1_24:6(m2)
TG 51:3|TG 16:0_17:1_18:2,TG 51:3(m)|TG 16:0_17:1_18:2(m2)
PC 42:6|PC 20:0_22:6,PC 42:6(m)|PC 20:0_22:6(m2)
PC 42:6,PC 42:6
PC 42:6|PC 18:0_24:6,PC 42:6(m)|PC 18:0_24:6(m2)
TG 50:3;O|TG 16:0_18:1_16:2;O,TG 50:3(O)|TG 16:0_18:1_16:2(O)
TG 50:3;O|TG 16:0_16:1_18:2;O,TG 50:3(O)|TG 16:0_16:1_18:2(O)
TG 51:2|TG 16:0_17:1_18:1,TG 51:2(m)|TG 16:0_17:1_18:1(m2)
PC 42:5|PC 16:0_26:5,PC 42:5(m)|PC 16:0_26:5(m2)
PC 42:5|PC 22:1_20:4,PC 42:5(m)|PC 22:1_20:4(m2)
PC 42:5|PC 20:0_22:5,PC 42:5(m)|PC 20:0_22:5(m2)
TG 52:8|TG 18:2_16:3_18:3,TG 52:8(m)|TG 18:2_16:3_18:3(m2)
TG 50:2;O|TG 16:0_18:2_16:0;O,TG 50:2(O)|TG 16:0_18:2_16:0(O)
TG 50:2;O|TG 16:0_18:1_16:1;O,TG 50:2(O)|TG 16:0_18:1_16:1(O)
TG 50:2;O|TG 16:0_18:1_16:1;O,TG 50:2(O)|TG 16:0_18:1_16:1(O)
TG 50:2;O|TG 16:0_18:1_16:1;O,TG 50:2(O)|TG 16:0_18:1_16:1(O)
TG 50:2;O|TG 16:0_18:1_16:1;O,TG 50:2(O)|TG 16:0_18:1_16:1(O)
TG 50:2;O|TG 16:0_18:1_16:1;O,TG 50:2(O)|TG 16:0_18:1_16:1(O)
PC O-44:11|PC O-22:5_22:6,PCO 44:11(m)|PC O-22:5_22:6(m2)
PC 42:4|PC 21:2_21:2,PC 42:4(m)|PC 21:2_21:2(m2)
PC 42:4|PC 18:0_24:4,PC 42:4(m)|PC 18:0_24:4(m2)
TG 52:7|TG 16:1_18:2_18:4,TG 52:7(m)|TG 16:1_18:2_18:4(m2)
TG 52:7|TG 18:1_18:2_16:4,TG 52:7(m)|TG 18:1_18:2_16:4(m2)
TG 50:1;O|TG 16:0_18:1_16:0;O,TG 50:1(O)|TG 16:0_18:1_16:0(O)
TG 50:1;O|TG 16:0_18:1_16:0;O,TG 50:1(O)|TG 16:0_18:1_16:0(O)
TG 50:1;O|TG 16:0_18:1_16:0;O,TG 50:1(O)|TG 16:0_18:1_16:0(O)
TG 50:1;O|TG 16:0_18:1_16:0;O,TG 50:1(O)|TG 16:0_18:1_16:0(O)
PC 42:3,PC 42:3
TG 52:6|TG 16:1_18:2_18:3,TG 52:6(m)|TG 16:1_18:2_18:3(m2)
PC 42:2,PC 42:2
PC 42:2|PC 24:0_18:2,PC 42:2(m)|PC 24:0_18:2(m2)
TG 52:5|TG 16:0_18:2_18:3,TG 52:5(m)|TG 16:0_18:2_18:3(m2)
TG 52:5|TG 16:0_18:2_18:3,TG 52:5(m)|TG 16:0_18:2_18:3(m2)
PC 42:1|PC 24:0_18:1,PC 42:1(m)|PC 24:0_18:1(m2)
TG 52:4|TG 16:1_18:1_18:2,TG 52:4(m)|TG 16:1_18:1_18:2(m2)
TG 52:4|TG 16:0_18:2_18:2,TG 52:4(m)|TG 16:0_18:2_18:2(m2)
TG 52:4|TG 16:0_18:2_18:2,TG 52:4(m)|TG 16:0_18:2_18:2(m2)
TG 52:4|TG 16:0_18:2_18:2,TG 52:4(m)|TG 16:0_18:2_18:2(m2)
TG 52:4|TG 16:0_18:2_18:2,TG 52:4(m)|TG 16:0_18:2_18:2(m2)
TG 52:4|TG 16:0_18:1_18:3,TG 52:4(m)|TG 16:0_18:1_18:3(m2)
TG 52:6|TG 16:0_18:2_18:4,TG 52:6(m)|TG 16:0_18:2_18:4(m2)
PC O-44:7|PC O-22:1_22:6,PCO 44:7(m)|PC O-22:1_22:6(m2)
PC 42:0,PC 42:0
TG 52:3|TG 16:0_18:1_18:2,TG 52:3(m)|TG 16:0_18:1_18:2(m2)
TG 52:3|TG 16:0_18:1_18:2,TG 52:3(m)|TG 16:0_18:1_18:2(m2)
TG 52:3|TG 16:0_18:1_18:2,TG 52:3(m)|TG 16:0_18:1_18:2(m2)
TG 52:3|TG 16:0_18:1_18:2,TG 52:3(m)|TG 16:0_18:1_18:2(m2)
TG 52:3|TG 16:0_18:1_18:2,TG 52:3(m)|TG 16:0_18:1_18:2(m2)
TG 52:3|TG 16:0_18:1_18:2,TG 52:3(m)|TG 16:0_18:1_18:2(m2)
TG 52:3|TG 16:0_18:1_18:2,TG 52:3(m)|TG 16:0_18:1_18:2(m2)
TG 52:3|TG 16:0_18:1_18:2,TG 52:3(m)|TG 16:0_18:1_18:2(m2)
TG 52:3|TG 16:0_18:1_18:2,TG 52:3(m)|TG 16:0_18:1_18:2(m2)
TG 52:3|TG 16:0_18:1_18:2,TG 52:3(m)|TG 16:0_18:1_18:2(m2)
TG 52:3|TG 16:0_18:1_18:2,TG 52:3(m)|TG 16:0_18:1_18:2(m2)
TG 52:3|TG 16:0_18:1_18:2,TG 52:3(m)|TG 16:0_18:1_18:2(m2)
TG 52:3|TG 16:0_18:1_18:2,TG 52:3(m)|TG 16:0_18:1_18:2(m2)
TG 52:3|TG 16:0_18:1_18:2,TG 52:3(m)|TG 16:0_18:1_18:2(m2)
TG 52:3|TG 16:0_18:1_18:2,TG 52:3(m)|TG 16:0_18:1_18:2(m2)
TG 52:3|TG 16:0_18:1_18:2,TG 52:3(m)|TG 16:0_18:1_18:2(m2)
TG 52:3|TG 16:0_18:1_18:2,TG 52:3(m)|TG 16:0_18:1_18:2(m2)
TG 52:3|TG 16:0_18:1_18:2,TG 52:3(m)|TG 16:0_18:1_18:2(m2)
TG 52:3|TG 16:0_18:1_18:2,TG 52:3(m)|TG 16:0_18:1_18:2(m2)
TG 52:3|TG 16:0_18:1_18:2,TG 52:3(m)|TG 16:0_18:1_18:2(m2)
TG 52:3|TG 16:0_18:1_18:2,TG 52:3(m)|TG 16:0_18:1_18:2(m2)
TG 52:3|TG 16:0_18:1_18:2,TG 52:3(m)|TG 16:0_18:1_18:2(m2)
TG 52:3|TG 16:0_18:1_18:2,TG 52:3(m)|TG 16:0_18:1_18:2(m2)
TG 52:3|TG 16:0_18:1_18:2,TG 52:3(m)|TG 16:0_18:1_18:2(m2)
TG 52:5|TG 16:0_18:2_18:3,TG 52:5(m)|TG 16:0_18:2_18:3(m2)
PI 36:4,PI 36:4
PI 36:4,PI 36:4
PC O-44:6|PC O-22:0_22:6,PCO 44:6(m)|PC O-22:0_22:6(m2)
PC O-44:6|PC O-24:2_20:4,PCO 44:6(m)|PC O-24:2_20:4(m2)
TG 52:2|TG 16:0_18:1_18:1,TG 52:2(m)|TG 16:0_18:1_18:1(m2)
TG 52:2|TG 16:0_18:1_18:1,TG 52:2(m)|TG 16:0_18:1_18:1(m2)
TG 52:2|TG 16:0_18:1_18:1,TG 52:2(m)|TG 16:0_18:1_18:1(m2)
TG 52:2|TG 16:0_18:1_18:1,TG 52:2(m)|TG 16:0_18:1_18:1(m2)
TG 52:2|TG 16:0_18:1_18:1,TG 52:2(m)|TG 16:0_18:1_18:1(m2)
TG 52:2|TG 16:0_18:1_18:1,TG 52:2(m)|TG 16:0_18:1_18:1(m2)
TG 52:2|TG 16:0_18:1_18:1,TG 52:2(m)|TG 16:0_18:1_18:1(m2)
TG 52:2|TG 16:0_18:1_18:1,TG 52:2(m)|TG 16:0_18:1_18:1(m2)
TG 52:2|TG 16:0_18:1_18:1,TG 52:2(m)|TG 16:0_18:1_18:1(m2)
TG 52:2|TG 16:0_18:1_18:1,TG 52:2(m)|TG 16:0_18:1_18:1(m2)
TG 52:2|TG 16:0_18:1_18:1,TG 52:2(m)|TG 16:0_18:1_18:1(m2)
TG 52:2|TG 16:0_18:1_18:1,TG 52:2(m)|TG 16:0_18:1_18:1(m2)
TG 52:2|TG 16:0_18:1_18:1,TG 52:2(m)|TG 16:0_18:1_18:1(m2)
TG 52:2|TG 16:0_18:1_18:1,TG 52:2(m)|TG 16:0_18:1_18:1(m2)
TG O-53:2|TG O-17:0_18:1_18:1,TGO 53:2(m)|TG O-17:0_18:1_18:1(m2)
TG 52:4|TG 16:0_18:2_18:2,TG 52:4(m)|TG 16:0_18:2_18:2(m2)
PC 44:12|PC 22:6_22:6,PC 44:12(m)|PC 22:6_22:6(m2)
PI 36:3,PI 36:3
PC O-44:5|PC O-24:1_20:4,PCO 44:5(m)|PC O-24:1_20:4(m2)
TG 53:8|TG 15:2_18:2_20:4,TG 53:8(m)|TG 15:2_18:2_20:4(m2)
TG 52:3|TG 16:0_18:1_18:2,TG 52:3(m)|TG 16:0_18:1_18:2(m2)
PC 44:11,PC 44:11
PI 36:2,PI 36:2
PC O-44:4|PC O-24:0_20:4,PCO 44:4(m)|PC O-24:0_20:4(m2)
Cer 58:9;O2|Cer 20:3;O2/38:6,Cer 58:9(O2)|Cer 20:3(O2/38:6)
TG 53:7|TG 15:1_18:2_20:4,TG 53:7(m)|TG 15:1_18:2_20:4(m2)
PI 36:4,PI 36:4
PC 44:10,PC 44:10
PI 36:1,PI 36:1
TG 53:6|TG 17:1_18:2_18:3,TG 53:6(m)|TG 17:1_18:2_18:3(m2)
TG 53:6|TG 17:1_18:2_18:3,TG 53:6(m)|TG 17:1_18:2_18:3(m2)
TG 53:6|TG 17:1_18:2_18:3,TG 53:6(m)|TG 17:1_18:2_18:3(m2)
TG 53:5|TG 17:1_18:2_18:2,TG 53:5(m)|TG 17:1_18:2_18:2(m2)
TG 52:5;O|TG 18:2_18:2_16:1;O,TG 52:5(O)|TG 18:2_18:2_16:1(O)
TG 53:4|TG 17:1_18:1_18:2,TG 53:4(m)|TG 17:1_18:1_18:2(m2)
TG 54:10|TG 18:2_16:3_20:5,TG 54:10(m)|TG 18:2_16:3_20:5(m2)
TG 52:4;O|TG 16:0_18:2_18:2;O,TG 52:4(O)|TG 16:0_18:2_18:2(O)
TG 52:4;O|TG 16:0_18:2_18:2;O,TG 52:4(O)|TG 16:0_18:2_18:2(O)
TG 52:4;O|TG 16:0_18:2_18:2;O,TG 52:4(O)|TG 16:0_18:2_18:2(O)
TG 52:4;O|TG 16:0_18:2_18:2;O,TG 52:4(O)|TG 16:0_18:2_18:2(O)
TG 52:4;O|TG 18:2_18:2_16:0;O,TG 52:4(O)|TG 18:2_18:2_16:0(O)
TG 53:3|TG 17:0_18:1_18:2,TG 53:3(m)|TG 17:0_18:1_18:2(m2)
PI 37:4,PI 37:4
PC 44:6|PC 22:0_22:6,PC 44:6(m)|PC 22:0_22:6(m2)
TG 54:9|TG 18:2_18:3_18:4,TG 54:9(m)|TG 18:2_18:3_18:4(m2)
TG 54:9|TG 18:2_16:3_20:4,TG 54:9(m)|TG 18:2_16:3_20:4(m2)
TG 52:3;O|TG 16:0_18:1_18:2;O,TG 52:3(O)|TG 16:0_18:1_18:2(O)
TG 52:3;O|TG 16:0_18:1_18:2;O,TG 52:3(O)|TG 16:0_18:1_18:2(O)
TG 52:3;O|TG 18:1_18:2_16:0;O,TG 52:3(O)|TG 18:1_18:2_16:0(O)
TG 52:3;O|TG 16:0_18:1_18:2;O,TG 52:3(O)|TG 16:0_18:1_18:2(O)
TG 52:3;O|TG 16:0_18:1_18:2;O,TG 52:3(O)|TG 16:0_18:1_18:2(O)
TG 53:4|TG 17:0_17:0_19:4,TG 53:4(m)|TG 17:0_17:0_19:4(m2)
PC 44:5|PC 24:1_20:4,PC 44:5(m)|PC 24:1_20:4(m2)
TG 54:8|TG 18:2_18:3_18:3,TG 54:8(m)|TG 18:2_18:3_18:3(m2)
TG 54:8|TG 16:1_18:2_20:5,TG 54:8(m)|TG 16:1_18:2_20:5(m2)
TG 54:8|TG 18:2_18:3_18:3,TG 54:8(m)|TG 18:2_18:3_18:3(m2)
TG 52:2;O|TG 18:1_18:1_16:0;O,TG 52:2(O)|TG 18:1_18:1_16:0(O)
TG 52:2;O|TG 16:0_18:1_18:1;O,TG 52:2(O)|TG 16:0_18:1_18:1(O)
PC 44:4|PC 24:0_20:4,PC 44:4(m)|PC 24:0_20:4(m2)
TG 54:7|TG 18:2_18:2_18:3,TG 54:7(m)|TG 18:2_18:2_18:3(m2)
TG 54:7|TG 18:2_18:2_18:3,TG 54:7(m)|TG 18:2_18:2_18:3(m2)
TG 54:6|TG 18:1_18:2_18:3,TG 54:6(m)|TG 18:1_18:2_18:3(m2)
TG 54:6|TG 16:0_18:2_20:4,TG 54:6(m)|TG 16:0_18:2_20:4(m2)
TG 54:6|TG 18:1_18:2_18:3,TG 54:6(m)|TG 18:1_18:2_18:3(m2)
TG 54:6|TG 18:1_18:2_18:3,TG 54:6(m)|TG 18:1_18:2_18:3(m2)
TG O-55:8|TG O-21:5_16:0_18:3,TGO 55:8(m)|TG O-21:5_16:0_18:3(m2)
TG 54:5|TG 16:0_18:1_20:4,TG 54:5(m)|TG 16:0_18:1_20:4(m2)
TG 54:5|TG 18:1_18:2_18:2,TG 54:5(m)|TG 18:1_18:2_18:2(m2)
TG 54:5|TG 18:1_18:2_18:2,TG 54:5(m)|TG 18:1_18:2_18:2(m2)
TG 54:5|TG 16:0_18:1_20:4,TG 54:5(m)|TG 16:0_18:1_20:4(m2)
TG 54:5|TG 18:1_18:2_18:2,TG 54:5(m)|TG 18:1_18:2_18:2(m2)
TG 54:7|TG 16:1_18:2_20:4,TG 54:7(m)|TG 16:1_18:2_20:4(m2)
TG 54:7|TG 18:2_18:2_18:3,TG 54:7(m)|TG 18:2_18:2_18:3(m2)
PI 38:6,PI 38:6
TG 54:4|TG 18:1_18:1_18:2,TG 54:4(m)|TG 18:1_18:1_18:2(m2)
TG 54:4|TG 18:1_18:1_18:2,TG 54:4(m)|TG 18:1_18:1_18:2(m2)
TG 54:4|TG 18:1_18:1_18:2,TG 54:4(m)|TG 18:1_18:1_18:2(m2)
TG 54:4|TG 18:1_18:1_18:2,TG 54:4(m)|TG 18:1_18:1_18:2(m2)
TG 54:4|TG 18:1_18:1_18:2,TG 54:4(m)|TG 18:1_18:1_18:2(m2)
TG 54:4|TG 18:1_18:1_18:2,TG 54:4(m)|TG 18:1_18:1_18:2(m2)
TG 54:4|TG 18:1_18:1_18:2,TG 54:4(m)|TG 18:1_18:1_18:2(m2)
TG 54:6|TG 16:0_18:2_20:4,TG 54:6(m)|TG 16:0_18:2_20:4(m2)
TG 54:6|TG 18:1_18:2_18:3,TG 54:6(m)|TG 18:1_18:2_18:3(m2)
PI 38:5,PI 38:5
TG 53:4;O|TG 18:1_18:1_17:2;O,TG 53:4(O)|TG 18:1_18:1_17:2(O)
TG 54:3|TG 18:1_18:1_18:1,TG 54:3(m)|TG 18:1_18:1_18:1(m2)
TG 54:3|TG 18:0_18:1_18:2,TG 54:3(m)|TG 18:0_18:1_18:2(m2)
TG 54:3|TG 18:0_18:1_18:2,TG 54:3(m)|TG 18:0_18:1_18:2(m2)
TG 54:3|TG 18:0_18:1_18:2,TG 54:3(m)|TG 18:0_18:1_18:2(m2)
TG 54:3|TG 18:0_18:1_18:2,TG 54:3(m)|TG 18:0_18:1_18:2(m2)
TG 54:3|TG 18:0_18:1_18:2,TG 54:3(m)|TG 18:0_18:1_18:2(m2)
PI 38:4,PI 38:4
TG 52:4;O2|TG 16:0_18:1_18:3;O2,TG 52:4(O2)|TG 16:0_18:1_18:3(O2)
TG 54:2|TG 16:0_18:1_20:1,TG 54:2(m)|TG 16:0_18:1_20:1(m2)
PI 38:6,PI 38:6
PI 38:3,PI 38:3
PI 38:3,PI 38:3
TG 55:8|TG 15:0_18:2_22:6,TG 55:8(m)|TG 15:0_18:2_22:6(m2)
PI 38:5,PI 38:5
TG 55:7|TG 16:0_18:2_21:5,TG 55:7(m)|TG 16:0_18:2_21:5(m2)
PI 38:4,PI 38:4
TG 55:6|TG 18:1_18:2_19:3,TG 55:6(m)|TG 18:1_18:2_19:3(m2)
TG 55:6|TG 18:2_18:2_19:2,TG 55:6(m)|TG 18:2_18:2_19:2(m2)
TG 55:5|TG 17:0_18:2_20:3,TG 55:5(m)|TG 17:0_18:2_20:3(m2)
TG 55:5|TG 18:1_18:2_19:2,TG 55:5(m)|TG 18:1_18:2_19:2(m2)
TG 55:5|TG 18:1_18:2_19:2,TG 55:5(m)|TG 18:1_18:2_19:2(m2)
TG 54:0|TG 18:0_18:0_18:0,TG 54:0(m)|TG 18:0_18:0_18:0(m2)
TG 56:11|TG 18:3_18:4_20:4,TG 56:11(m)|TG 18:3_18:4_20:4(m2)
TG 56:11|TG 18:2_16:3_22:6,TG 56:11(m)|TG 18:2_16:3_22:6(m2)
TG 54:5;O|TG 18:1_18:2_18:2;O,TG 54:5(O)|TG 18:1_18:2_18:2(O)
TG 54:5;O|TG 18:1_18:2_18:2;O,TG 54:5(O)|TG 18:1_18:2_18:2(O)
TG 54:5;O|TG 18:1_18:2_18:2;O,TG 54:5(O)|TG 18:1_18:2_18:2(O)
TG 54:5;O|TG 18:1_18:2_18:2;O,TG 54:5(O)|TG 18:1_18:2_18:2(O)
TG 55:4|TG 18:1_19:1_18:2,TG 55:4(m)|TG 18:1_19:1_18:2(m2)
TG 55:4|TG 18:1_18:1_19:2,TG 55:4(m)|TG 18:1_18:1_19:2(m2)
TG 55:4|TG 18:1_18:1_19:2,TG 55:4(m)|TG 18:1_18:1_19:2(m2)
TG 56:10|TG 16:2_18:3_22:5,TG 56:10(m)|TG 16:2_18:3_22:5(m2)
TG 56:10|TG 18:2_18:3_20:5,TG 56:10(m)|TG 18:2_18:3_20:5(m2)
TG 54:4;O|TG 18:1_18:1_18:2;O,TG 54:4(O)|TG 18:1_18:1_18:2(O)
TG 55:3|TG 18:1_18:1_19:1,TG 55:3(m)|TG 18:1_18:1_19:1(m2)
TG 55:3|TG 19:0_18:1_18:2,TG 55:3(m)|TG 19:0_18:1_18:2(m2)
PI 39:4,PI 39:4
TG 56:9|TG 18:2_18:3_20:4,TG 56:9(m)|TG 18:2_18:3_20:4(m2)
TG 56:9|TG 18:2_18:3_20:4,TG 56:9(m)|TG 18:2_18:3_20:4(m2)
TG 54:3;O|TG 18:1_18:2_18:0;O,TG 54:3(O)|TG 18:1_18:2_18:0(O)
TG 54:3;O|TG 18:1_18:2_18:0;O,TG 54:3(O)|TG 18:1_18:2_18:0(O)
TG 54:3;O|TG 18:1_18:1_18:1;O,TG 54:3(O)|TG 18:1_18:1_18:1(O)
TG 56:8|TG 16:0_18:2_22:6,TG 56:8(m)|TG 16:0_18:2_22:6(m2)
TG 56:8|TG 16:0_18:2_22:6,TG 56:8(m)|TG 16:0_18:2_22:6(m2)
TG 54:2;O|TG 18:0_18:1_18:1;O,TG 54:2(O)|TG 18:0_18:1_18:1(O)
TG O-57:8|TG O-19:2_18:3_20:3,TGO 57:8(m)|TG O-19:2_18:3_20:3(m2)
TG 56:10|TG 18:2_18:3_20:5,TG 56:10(m)|TG 18:2_18:3_20:5(m2)
TG 56:7|TG 18:2_18:2_20:3,TG 56:7(m)|TG 18:2_18:2_20:3(m2)
TG 56:7|TG 16:0_18:1_22:6,TG 56:7(m)|TG 16:0_18:1_22:6(m2)
TG 56:7|TG 16:0_18:2_22:5,TG 56:7(m)|TG 16:0_18:2_22:5(m2)
TG 56:9|TG 18:2_18:3_20:4,TG 56:9(m)|TG 18:2_18:3_20:4(m2)
TG 56:6|TG 16:0_18:1_22:5,TG 56:6(m)|TG 16:0_18:1_22:5(m2)
TG O-57:6|TG O-17:0_18:1_22:5,TGO 57:6(m)|TG O-17:0_18:1_22:5(m2)
TG 56:8|TG 18:2_18:2_20:4,TG 56:8(m)|TG 18:2_18:2_20:4(m2)
TG 56:8|TG 16:0_18:2_22:6,TG 56:8(m)|TG 16:0_18:2_22:6(m2)
PI 40:7,PI 40:7
TG 56:5|TG 16:0_18:1_22:4,TG 56:5(m)|TG 16:0_18:1_22:4(m2)
PI 40:6,PI 40:6
TG 56:4|TG 18:1_20:1_18:2,TG 56:4(m)|TG 18:1_20:1_18:2(m2)
PI 40:5,PI 40:5
TG 54:5;O2|TG 18:1_18:1_18:3;O2,TG 54:5(O2)|TG 18:1_18:1_18:3(O2)
TG 56:3|TG 18:0_20:1_18:2,TG 56:3(m)|TG 18:0_20:1_18:2(m2)
PI 40:4,PI 40:4
TG 57:9|TG 17:1_18:2_22:6,TG 57:9(m)|TG 17:1_18:2_22:6(m2)
TG 57:9|TG 18:2_18:2_21:5,TG 57:9(m)|TG 18:2_18:2_21:5(m2)
TG 57:8|TG 17:1_18:2_22:5,TG 57:8(m)|TG 17:1_18:2_22:5(m2)
TG 57:7|TG 17:0_18:1_22:6,TG 57:7(m)|TG 17:0_18:1_22:6(m2)
TG 56:7;O|TG 19:2_19:2_18:3;O,TG 56:7(O)|TG 19:2_19:2_18:3(O)
TG 57:6|TG 19:2_19:2_19:2,TG 57:6(m)|TG 19:2_19:2_19:2(m2)
TG 57:6|TG 19:2_19:2_19:2,TG 57:6(m)|TG 19:2_19:2_19:2(m2)
TG 58:12|TG 18:2_18:4_22:6,TG 58:12(m)|TG 18:2_18:4_22:6(m2)
TG 58:11|TG 18:2_20:4_20:5,TG 58:11(m)|TG 18:2_20:4_20:5(m2)
TG 58:10|TG 18:2_18:2_22:6,TG 58:10(m)|TG 18:2_18:2_22:6(m2)
TG 58:9|TG 18:1_18:2_22:6,TG 58:9(m)|TG 18:1_18:2_22:6(m2)
TG 58:11|TG 18:2_20:4_20:5,TG 58:11(m)|TG 18:2_20:4_20:5(m2)
TG 58:8|TG 18:1_18:2_22:5,TG 58:8(m)|TG 18:1_18:2_22:5(m2)
TG 58:10|TG 18:2_20:4_20:4,TG 58:10(m)|TG 18:2_20:4_20:4(m2)
TG 58:7|TG 16:0_18:1_24:6,TG 58:7(m)|TG 16:0_18:1_24:6(m2)
TG 58:7|TG 18:0_18:1_22:6,TG 58:7(m)|TG 18:0_18:1_22:6(m2)
TG 58:6|TG 18:0_18:1_22:5,TG 58:6(m)|TG 18:0_18:1_22:5(m2)
TG 58:5|TG 20:1_18:2_20:2,TG 58:5(m)|TG 20:1_18:2_20:2(m2)
TG 59:11|TG 18:2_19:3_22:6,TG 59:11(m)|TG 18:2_19:3_22:6(m2)
TG 56:5;O2|TG 16:1_21:4_19:0;O2,TG 56:5(O2)|TG 16:1_21:4_19:0(O2)
TG 56:4;O2|TG 18:1_18:1_20:2;O2,TG 56:4(O2)|TG 18:1_18:1_20:2(O2)
TG 60:14|TG 18:3_20:5_22:6,TG 60:14(m)|TG 18:3_20:5_22:6(m2)
TG 60:13|TG 18:2_20:5_22:6,TG 60:13(m)|TG 18:2_20:5_22:6(m2)
TG 60:12|TG 18:2_20:4_22:6,TG 60:12(m)|TG 18:2_20:4_22:6(m2)
TG 60:12|TG 18:2_20:4_22:6,TG 60:12(m)|TG 18:2_20:4_22:6(m2)
TG 60:12|TG 18:2_20:4_22:6,TG 60:12(m)|TG 18:2_20:4_22:6(m2)
TG 60:12|TG 20:4_20:4_20:4,TG 60:12(m)|TG 20:4_20:4_20:4(m2)
TG 60:11|TG 18:1_20:4_22:6,TG 60:11(m)|TG 18:1_20:4_22:6(m2)
TG 60:11|TG 18:2_20:4_22:5,TG 60:11(m)|TG 18:2_20:4_22:5(m2)
TG 60:13|TG 18:2_20:5_22:6,TG 60:13(m)|TG 18:2_20:5_22:6(m2)
TG 60:10|TG 18:1_20:4_22:5,TG 60:10(m)|TG 18:1_20:4_22:5(m2)
TG 60:10|TG 18:1_20:4_22:5,TG 60:10(m)|TG 18:1_20:4_22:5(m2)
TG 60:12|TG 18:2_20:4_22:6,TG 60:12(m)|TG 18:2_20:4_22:6(m2)
TG 60:9|TG 18:1_18:2_24:6,TG 60:9(m)|TG 18:1_18:2_24:6(m2)
TG 60:9|TG 18:1_18:2_24:6,TG 60:9(m)|TG 18:1_18:2_24:6(m2)
TG 60:8|TG 18:1_18:2_24:5,TG 60:8(m)|TG 18:1_18:2_24:5(m2)
TG 60:8|TG 18:1_20:1_22:6,TG 60:8(m)|TG 18:1_20:1_22:6(m2)
TG 60:8|TG 18:1_18:2_24:5,TG 60:8(m)|TG 18:1_18:2_24:5(m2)
TG 60:7|TG 18:1_20:1_22:5,TG 60:7(m)|TG 18:1_20:1_22:5(m2)
TG 60:7|TG 18:1_18:1_24:5,TG 60:7(m)|TG 18:1_18:1_24:5(m2)
TG 62:15|TG 20:4_20:5_22:6,TG 62:15(m)|TG 20:4_20:5_22:6(m2)
TG 62:14|TG 18:2_22:6_22:6,TG 62:14(m)|TG 18:2_22:6_22:6(m2)
TG 62:13|TG 18:2_22:5_22:6,TG 62:13(m)|TG 18:2_22:5_22:6(m2)
TG 62:12|TG 18:1_22:5_22:6,TG 62:12(m)|TG 18:1_22:5_22:6(m2)
TG 62:12|TG 18:2_20:4_24:6,TG 62:12(m)|TG 18:2_20:4_24:6(m2)
TG 62:12|TG 18:2_22:4_22:6,TG 62:12(m)|TG 18:2_22:4_22:6(m2)
TG 62:14|TG 18:2_22:6_22:6,TG 62:14(m)|TG 18:2_22:6_22:6(m2)
TG 62:11|TG 18:1_20:4_24:6,TG 62:11(m)|TG 18:1_20:4_24:6(m2)
TG 62:10|TG 18:1_20:4_24:5,TG 62:10(m)|TG 18:1_20:4_24:5(m2)
TG 64:17|TG 20:5_22:6_22:6,TG 64:17(m)|TG 20:5_22:6_22:6(m2)
TG 64:16|TG 20:4_22:6_22:6,TG 64:16(m)|TG 20:4_22:6_22:6(m2)
TG 64:15|TG 20:4_22:5_22:6,TG 64:15(m)|TG 20:4_22:5_22:6(m2)
TG 64:15|TG 20:4_22:5_22:6,TG 64:15(m)|TG 20:4_22:5_22:6(m2)
TG 64:14|TG 18:2_22:6_24:6,TG 64:14(m)|TG 18:2_22:6_24:6(m2)
TG 64:13|TG 18:1_22:6_24:6,TG 64:13(m)|TG 18:1_22:6_24:6(m2)
TG 64:12|TG 18:1_24:5_22:6,TG 64:12(m)|TG 18:1_24:5_22:6(m2)
TG 66:18|TG 22:6_22:6_22:6,TG 66:18(m)|TG 22:6_22:6_22:6(m2)
TG 66:17|TG 22:5_22:6_22:6,TG 66:17(m)|TG 22:5_22:6_22:6(m2)
SM 58:4;O3|SM 40:1;O2(FA 18:2),SM 58:4(O3)|SM 40:1(O2(FA 18:2))
SM 58:4;O3|SM 40:1;O2(FA 18:2),SM 58:4(O3)|SM 40:1(O2(FA 18:2))
SM 58:3;O3|SM 40:1;O2(FA 18:1),SM 58:3(O3)|SM 40:1(O2(FA 18:1))
SM 60:4;O3|SM 42:2;O2(FA 18:1),SM 60:4(O3)|SM 42:2(O2(FA 18:1))
PC 62:12,PC 62:12
PC 64:12|PC 22:6_42:6,PC 64:12(m)|PC 22:6_42:6(m2)
SM 70:15;O2,SM 70:15(O2)
TG 76:8;O2|TG 18:1_18:1_18:0;O(FA 22:5),TG 76:8(O2)|TG 18:1_18:1_18:0(O(FA 22:5))
